clip,frame,t,w,h,orient,sharp,luma,p97,motion,skin,colours,objects
NQ Studio/raw footage/2026-09-03/2026-09-03 23-44-19 aston martin brakes.mov,1,2.0,1080,1920,vertical,7.9,90.8,184.4,0.0,3.2,red:7.7 orange:4.9 teal:3.9,
NQ Studio/raw footage/2026-09-03/2026-09-03 23-44-19 aston martin brakes.mov,2,4.0,1080,1920,vertical,8.5,113.7,209.7,20.72,12.5,red:20.0 orange:17.4,
NQ Studio/raw footage/2026-09-03/2026-09-03 23-44-19 aston martin brakes.mov,3,6.0,1080,1920,vertical,8.6,117.6,209.5,9.75,10.4,red:23.6 orange:13.5 green:2.6,
NQ Studio/raw footage/2026-09-03/2026-09-03 23-44-19 aston martin brakes.mov,4,8.0,1080,1920,vertical,7.6,101.5,176.8,17.08,3.3,red:27.3 orange:7.0,
NQ Studio/raw footage/2026-09-03/2026-09-03 23-44-19 aston martin brakes.mov,5,10.0,1080,1920,vertical,6.8,110.3,203.0,17.03,0.5,red:12.6,
NQ Studio/raw footage/2026-09-03/2026-09-03 23-44-19 aston martin brakes.mov,6,12.0,1080,1920,vertical,9.8,124.4,203.7,22.43,1.5,orange:4.2,
NQ Studio/raw footage/2026-09-03/2026-09-03 23-44-19 aston martin brakes.mov,7,14.0,1080,1920,vertical,8.9,117.5,211.1,17.48,6.1,orange:10.0,
NQ Studio/raw footage/2026-09-03/2026-09-03 23-44-19 aston martin brakes.mov,8,16.0,1080,1920,vertical,9.6,117.4,250.1,16.41,5.8,orange:9.7,
NQ Studio/raw footage/2026-09-03/2026-09-03 23-44-19 aston martin brakes.mov,9,18.0,1080,1920,vertical,9.5,109.1,250.4,15.17,4.0,orange:7.9,
NQ Studio/raw footage/2026-09-03/2026-09-03 23-44-19 aston martin brakes.mov,10,20.0,1080,1920,vertical,9.4,111.8,249.1,8.06,1.2,orange:3.8,
NQ Studio/raw footage/2026-09-03/2026-09-03 23-44-19 aston martin brakes.mov,11,22.0,1080,1920,vertical,9.4,110.8,200.6,16.65,14.0,orange:19.1 blue:5.0,
NQ Studio/raw footage/2026-09-03/2026-09-03 23-44-19 aston martin brakes.mov,12,24.0,1080,1920,vertical,9.8,110.0,251.9,17.23,1.8,orange:5.2 blue:2.5,
NQ Studio/raw footage/2026-09-03/2026-09-03 23-44-19 aston martin brakes.mov,13,26.0,1080,1920,vertical,9.6,107.0,241.0,12.1,1.5,orange:4.5 blue:2.7,
NQ Studio/raw footage/2026-09-03/2026-09-03 23-44-19 aston martin brakes.mov,14,28.0,1080,1920,vertical,10.8,80.3,182.4,25.32,2.4,orange:7.8 green:6.0 teal:2.3,
NQ Studio/raw footage/2026-09-03/2026-09-03 23-44-19 aston martin brakes.mov,15,30.0,1080,1920,vertical,10.2,120.3,213.7,21.48,1.9,green:5.6 teal:4.7 orange:4.6,
NQ Studio/raw footage/2026-09-03/2026-09-03 23-44-19 aston martin brakes.mov,16,32.0,1080,1920,vertical,10.0,119.2,212.0,16.56,1.8,green:5.5 orange:4.9 teal:4.1,
NQ Studio/raw footage/2026-09-03/2026-09-03 23-44-19 aston martin brakes.mov,17,34.0,1080,1920,vertical,10.0,116.2,221.1,20.56,1.9,green:10.8 teal:6.2 orange:3.7,
NQ Studio/raw footage/2026-09-03/2026-09-03 23-44-19 aston martin brakes.mov,18,36.0,1080,1920,vertical,9.7,120.3,252.0,16.29,1.3,green:9.3 teal:7.1 orange:4.2,
NQ Studio/raw footage/2026-09-03/2026-09-03 23-44-19 aston martin brakes.mov,19,38.0,1080,1920,vertical,9.9,102.9,196.3,28.25,1.1,teal:8.4 orange:4.9,
NQ Studio/raw footage/2026-09-03/2026-09-03 23-44-19 aston martin brakes.mov,20,40.0,1080,1920,vertical,10.1,124.4,207.1,23.99,1.8,green:14.0 orange:6.1,
NQ Studio/raw footage/2026-09-03/2026-09-03 23-44-19 aston martin brakes.mov,21,42.0,1080,1920,vertical,10.7,102.2,212.0,25.63,0.4,green:9.3 teal:2.7,
NQ Studio/raw footage/2026-09-03/2026-09-03 23-44-19 aston martin brakes.mov,22,44.0,1080,1920,vertical,9.6,107.7,214.9,18.47,0.5,green:3.5 teal:3.4,
NQ Studio/raw footage/2026-09-03/2026-09-03 23-44-19 aston martin brakes.mov,23,46.0,1080,1920,vertical,9.2,127.9,213.4,24.71,20.9,green:29.2 orange:21.4 yellow:2.3,
NQ Studio/raw footage/2026-09-03/2026-09-03 23-44-19 aston martin brakes.mov,24,48.0,1080,1920,vertical,9.0,123.7,220.1,36.62,4.2,green:20.6 orange:5.1 yellow:2.4,
NQ Studio/raw footage/2026-09-03/2026-09-03 23-44-19 aston martin brakes.mov,25,50.0,1080,1920,vertical,10.0,76.2,191.7,37.45,14.0,orange:17.1 teal:7.8,
NQ Studio/raw footage/2026-09-03/2026-09-03 23-44-19 aston martin brakes.mov,26,52.0,1080,1920,vertical,8.8,77.0,200.2,14.31,9.8,orange:12.7 green:4.2,
NQ Studio/raw footage/2026-09-03/2026-09-03 23-44-19 aston martin brakes.mov,27,54.0,1080,1920,vertical,9.8,92.9,210.8,21.81,3.0,green:9.0 orange:4.9,
NQ Studio/raw footage/2026-09-03/2026-09-03 23-44-19 aston martin brakes.mov,28,56.0,1080,1920,vertical,11.9,114.2,216.0,28.92,1.9,orange:5.1 teal:4.6 green:3.4,
NQ Studio/raw footage/2026-09-03/2026-09-03 23-44-19 aston martin brakes.mov,29,58.0,1080,1920,vertical,10.3,128.4,214.2,16.36,2.5,green:14.3 orange:7.5 yellow:2.8,
NQ Studio/raw footage/2026-09-03/2026-09-03 23-44-19 aston martin brakes.mov,30,60.0,1080,1920,vertical,9.4,122.5,215.9,16.68,3.8,orange:8.5 green:3.9 teal:2.9,
NQ Studio/raw footage/2026-09-03/2026-09-03 23-44-19 aston martin brakes.mov,31,62.0,1080,1920,vertical,8.5,115.3,201.7,24.94,7.3,orange:10.8,
NQ Studio/raw footage/2026-09-03/2026-09-03 23-44-19 aston martin brakes.mov,32,64.0,1080,1920,vertical,10.6,114.7,191.0,14.35,4.2,orange:7.0 red:2.6,
NQ Studio/raw footage/2026-09-03/2026-09-03 23-44-19 aston martin brakes.mov,33,66.0,1080,1920,vertical,9.7,127.0,215.1,16.2,7.2,orange:7.6 green:4.3 red:2.6 blue:2.5,
NQ Studio/raw footage/2026-09-03/2026-09-03 23-44-19 aston martin brakes.mov,34,68.0,1080,1920,vertical,7.4,110.7,190.1,21.21,1.9,red:43.2 orange:4.2,
NQ Studio/raw footage/2026-09-03/2026-09-03 23-44-19 aston martin brakes.mov,35,70.0,1080,1920,vertical,8.5,125.4,201.6,12.11,15.3,red:36.2 green:8.7 yellow:4.7 orange:2.8,
NQ Studio/raw footage/2026-09-03/2026-09-03 23-44-19 aston martin brakes.mov,36,72.0,1080,1920,vertical,9.6,110.4,193.4,16.54,16.7,red:30.7 orange:17.4 green:2.5,
NQ Studio/raw footage/2026-09-03/2026-09-03 23-44-19 aston martin brakes.mov,37,74.0,1080,1920,vertical,8.7,78.0,191.8,25.07,0.9,orange:6.6 red:4.8,
NQ Studio/raw footage/2026-09-03/2026-09-03 23-44-19 aston martin brakes.mov,38,76.0,1080,1920,vertical,6.6,75.6,219.5,25.44,1.9,orange:6.4,
NQ Studio/raw footage/2026-09-03/2026-09-03 23-44-19 aston martin brakes.mov,39,78.0,1080,1920,vertical,8.8,83.1,194.0,11.6,3.3,orange:6.7,
NQ Studio/raw footage/2026-09-03/2026-09-03 23-44-19 aston martin brakes.mov,40,80.0,1080,1920,vertical,8.2,99.7,198.9,13.2,2.9,orange:6.5 yellow:2.1,
NQ Studio/raw footage/2026-09-03/2026-09-03 23-44-19 aston martin brakes.mov,41,82.0,1080,1920,vertical,7.7,95.7,201.7,28.28,1.7,teal:9.4 orange:5.6,
NQ Studio/raw footage/2026-09-03/2026-09-03 23-44-19 aston martin brakes.mov,42,84.0,1080,1920,vertical,7.5,160.9,223.7,32.8,4.8,orange:12.7 red:5.6,
NQ Studio/raw footage/2026-09-03/2026-09-03 23-44-19 aston martin brakes.mov,43,86.0,1080,1920,vertical,8.8,93.9,185.2,28.1,5.7,orange:12.5,
NQ Studio/raw footage/2026-09-03/2026-09-03 23-44-19 aston martin brakes.mov,44,88.0,1080,1920,vertical,9.9,119.2,202.4,16.52,2.5,orange:6.9,
NQ Studio/raw footage/2026-09-03/2026-09-03 23-44-19 aston martin brakes.mov,45,90.0,1080,1920,vertical,10.0,108.1,218.1,18.15,1.3,orange:3.9 blue:2.5,
NQ Studio/raw footage/2026-09-03/2026-09-03 23-44-19 aston martin brakes.mov,46,92.0,1080,1920,vertical,9.5,106.7,223.6,19.11,4.0,orange:8.9,
NQ Studio/raw footage/2026-09-09/DJI_20260909123420_0042_D.MP4,1,2.0,1920,1080,landscape,10.7,61.5,127.8,0.0,32.6,orange:43.5,
NQ Studio/raw footage/2026-09-09/DJI_20260909123420_0042_D.MP4,2,4.0,1920,1080,landscape,11.5,64.6,130.4,11.13,29.8,orange:39.5 blue:10.9 red:2.8,
NQ Studio/raw footage/2026-09-09/DJI_20260909123420_0042_D.MP4,3,6.0,1920,1080,landscape,7.8,69.6,125.5,11.44,20.1,blue:40.5 orange:23.6 red:3.6,
NQ Studio/raw footage/2026-09-09/DJI_20260909123420_0042_D.MP4,4,8.0,1920,1080,landscape,12.2,67.9,153.3,14.03,38.9,orange:53.8 blue:7.0 red:2.3,
NQ Studio/raw footage/2026-09-09/DJI_20260909123420_0042_D.MP4,5,10.0,1920,1080,landscape,12.1,39.5,130.2,15.07,8.5,orange:19.3 red:2.9,
NQ Studio/raw footage/2026-09-09/DJI_20260909123420_0042_D.MP4,6,12.0,1920,1080,landscape,10.1,38.7,101.6,8.3,3.4,red:14.7 orange:12.2,
NQ Studio/raw footage/2026-09-09/DJI_20260909123420_0042_D.MP4,7,14.0,1920,1080,landscape,9.1,63.7,202.9,15.07,12.8,blue:26.0 orange:21.4,
NQ Studio/raw footage/2026-09-09/DJI_20260909123420_0042_D.MP4,8,16.0,1920,1080,landscape,12.9,42.6,139.9,17.4,17.1,orange:28.7,
NQ Studio/raw footage/2026-09-09/DJI_20260909123420_0042_D.MP4,9,18.0,1920,1080,landscape,13.1,53.2,138.0,11.5,10.9,orange:21.4,
NQ Studio/raw footage/2026-09-09/DJI_20260909123420_0042_D.MP4,10,20.0,1920,1080,landscape,11.1,48.0,115.4,9.95,4.0,orange:10.7,
NQ Studio/raw footage/2026-09-09/DJI_20260909123420_0042_D.MP4,11,22.0,1920,1080,landscape,8.3,23.9,59.2,10.84,0.0,,
NQ Studio/raw footage/2026-09-09/DJI_20260909123420_0042_D.MP4,12,24.0,1920,1080,landscape,3.8,23.4,54.3,3.77,0.0,,
NQ Studio/raw footage/2026-09-09/DJI_20260909123420_0042_D.MP4,13,26.0,1920,1080,landscape,4.7,19.9,47.4,2.47,0.9,,
NQ Studio/raw footage/2026-09-09/DJI_20260909123420_0042_D.MP4,14,28.0,1920,1080,landscape,10.0,27.7,108.3,4.79,0.0,red:3.0,
NQ Studio/raw footage/2026-09-09/DJI_20260909123420_0042_D.MP4,15,30.0,1920,1080,landscape,14.1,89.3,185.3,25.38,32.8,orange:42.0 red:2.9,
NQ Studio/raw footage/2026-09-09/DJI_20260909123420_0042_D.MP4,16,32.0,1920,1080,landscape,12.6,100.2,197.8,21.34,69.5,orange:74.1 blue:2.3 red:2.1,
NQ Studio/raw footage/2026-09-09/DJI_20260909123420_0042_D.MP4,17,34.0,1920,1080,landscape,12.4,89.3,198.0,16.55,62.9,orange:68.2 blue:6.1,
NQ Studio/raw footage/2026-09-09/DJI_20260909123420_0042_D.MP4,18,36.0,1920,1080,landscape,14.4,88.2,205.8,20.17,49.4,orange:51.7 blue:9.6,
NQ Studio/raw footage/2026-09-09/DJI_20260909123420_0042_D.MP4,19,38.0,1920,1080,landscape,13.4,76.8,195.0,19.11,29.2,orange:35.1 blue:8.4,
NQ Studio/raw footage/2026-09-09/DJI_20260909123420_0042_D.MP4,20,40.0,1920,1080,landscape,13.7,80.5,204.3,15.37,30.8,orange:35.1 blue:10.5,
NQ Studio/raw footage/2026-09-09/DJI_20260909123420_0042_D.MP4,21,42.0,1920,1080,landscape,13.2,83.5,206.0,15.88,46.7,orange:50.3 blue:9.7,
NQ Studio/raw footage/2026-09-09/DJI_20260909123420_0042_D.MP4,22,44.0,1920,1080,landscape,13.4,86.6,205.9,18.5,49.5,orange:52.6 blue:10.6,
NQ Studio/raw footage/2026-09-09/DJI_20260909123420_0042_D.MP4,23,46.0,1920,1080,landscape,12.5,86.9,172.2,18.99,67.9,orange:72.9 blue:9.6,
NQ Studio/raw footage/2026-09-09/DJI_20260909123420_0042_D.MP4,24,48.0,1920,1080,landscape,10.2,79.3,164.8,12.22,60.4,orange:68.3 blue:8.1 red:3.1,
NQ Studio/raw footage/2026-09-09/DJI_20260909123420_0042_D.MP4,25,50.0,1920,1080,landscape,5.3,34.3,73.3,19.56,4.5,blue:12.4 orange:4.9,
NQ Studio/raw footage/2026-09-09/DJI_20260909123420_0042_D.MP4,26,52.0,1920,1080,landscape,7.2,31.8,82.2,6.46,0.8,orange:2.3 blue:2.3,
NQ Studio/raw footage/2026-09-09/DJI_20260909123420_0042_D.MP4,27,54.0,1920,1080,landscape,8.8,38.0,87.5,5.9,4.7,orange:11.6 blue:2.3,
NQ Studio/raw footage/2026-09-09/DJI_20260909123420_0042_D.MP4,28,56.0,1920,1080,landscape,9.9,41.5,103.6,5.89,1.6,blue:13.6 orange:3.0,
NQ Studio/raw footage/2026-09-09/DJI_20260909123420_0042_D.MP4,29,58.0,1920,1080,landscape,3.9,22.7,51.0,9.16,0.0,teal:3.1,
NQ Studio/raw footage/2026-09-09/DJI_20260909123420_0042_D.MP4,30,60.0,1920,1080,landscape,2.2,24.6,44.6,3.31,0.0,,
NQ Studio/raw footage/2026-09-09/DJI_20260909123420_0042_D.MP4,31,62.0,1920,1080,landscape,3.8,21.8,42.1,2.86,0.0,teal:2.4,
NQ Studio/raw footage/2026-09-09/DJI_20260909123420_0042_D.MP4,32,64.0,1920,1080,landscape,6.6,23.7,74.8,3.7,0.0,,
NQ Studio/raw footage/2026-09-09/DJI_20260909123420_0042_D.MP4,33,66.0,1920,1080,landscape,2.6,23.6,50.9,4.45,0.0,,
NQ Studio/raw footage/2026-09-09/DJI_20260909123420_0042_D.MP4,34,68.0,1920,1080,landscape,12.6,77.9,204.4,21.42,16.2,orange:33.2 blue:7.6 red:4.9,
NQ Studio/raw footage/2026-09-09/DJI_20260909123420_0042_D.MP4,35,70.0,1920,1080,landscape,11.9,67.5,191.1,15.2,10.1,orange:23.9 blue:4.3 red:2.1,
NQ Studio/raw footage/2026-09-09/DJI_20260909123420_0042_D.MP4,36,72.0,1920,1080,landscape,9.8,63.4,186.3,12.57,14.1,orange:25.6 red:6.6 blue:3.3,
NQ Studio/raw footage/2026-09-09/DJI_20260909123420_0042_D.MP4,37,74.0,1920,1080,landscape,9.9,70.9,187.5,16.75,39.6,orange:43.4 blue:5.3 red:4.0,
NQ Studio/raw footage/2026-09-09/DJI_20260909123420_0042_D.MP4,38,76.0,1920,1080,landscape,11.3,74.8,191.0,9.15,28.4,orange:31.8 blue:9.8 red:8.5,
NQ Studio/raw footage/2026-09-09/DJI_20260909123420_0042_D.MP4,39,78.0,1920,1080,landscape,9.9,76.4,189.7,8.15,35.6,orange:38.2 blue:9.6 red:7.9,
NQ Studio/raw footage/2026-09-09/DJI_20260909123420_0042_D.MP4,40,80.0,1920,1080,landscape,10.2,77.4,189.9,6.3,39.3,orange:40.6 blue:8.6 red:8.2,
NQ Studio/raw footage/2026-09-09/DJI_20260909123420_0042_D.MP4,41,82.0,1920,1080,landscape,11.1,79.2,197.2,6.72,38.1,orange:39.7 blue:9.7 red:7.7,
NQ Studio/raw footage/2026-09-09/DJI_20260909123420_0042_D.MP4,42,84.0,1920,1080,landscape,11.4,80.8,206.0,6.05,35.5,orange:37.6 blue:10.8 red:7.6,
NQ Studio/raw footage/2026-09-09/DJI_20260909123420_0042_D.MP4,43,86.0,1920,1080,landscape,11.3,81.5,206.2,5.62,39.4,orange:40.9 blue:8.6 red:7.7,
NQ Studio/raw footage/2026-09-09/DJI_20260909123420_0042_D.MP4,44,88.0,1920,1080,landscape,10.8,79.0,209.4,4.63,37.1,orange:38.6 blue:9.7 red:8.0,
NQ Studio/raw footage/2026-09-09/DJI_20260909123420_0042_D.MP4,45,90.0,1920,1080,landscape,11.1,74.6,211.5,4.86,35.7,orange:38.4 blue:9.0 red:7.0,
NQ Studio/raw footage/2026-09-09/DJI_20260909123420_0042_D.MP4,46,92.0,1920,1080,landscape,9.8,61.3,187.8,11.13,32.7,orange:36.7 blue:5.7 red:3.2,
NQ Studio/raw footage/2026-09-09/DJI_20260909123420_0042_D.MP4,47,94.0,1920,1080,landscape,8.6,55.8,194.6,14.6,14.7,orange:21.1 blue:6.0 red:4.7,
NQ Studio/raw footage/2026-09-09/DJI_20260909123420_0042_D.MP4,48,96.0,1920,1080,landscape,8.7,41.2,86.8,12.04,10.0,orange:13.5 red:5.7,
NQ Studio/raw footage/2026-09-09/DJI_20260909123420_0042_D.MP4,49,98.0,1920,1080,landscape,9.8,36.5,85.3,7.37,10.2,orange:13.5,
NQ Studio/raw footage/2026-09-09/DJI_20260909123420_0042_D.MP4,50,100.0,1920,1080,landscape,6.5,31.9,67.5,6.84,3.5,orange:8.8 red:3.7,
NQ Studio/raw footage/2026-09-09/DJI_20260909123420_0042_D.MP4,51,102.0,1920,1080,landscape,11.8,47.9,161.4,9.33,3.7,red:12.7 orange:9.9 blue:4.4,
NQ Studio/raw footage/2026-09-09/DJI_20260909123420_0042_D.MP4,52,104.0,1920,1080,landscape,12.5,59.4,182.8,12.22,10.7,orange:26.2 red:19.5 blue:9.8,
NQ Studio/raw footage/2026-09-09/DJI_20260909123420_0042_D.MP4,53,106.0,1920,1080,landscape,10.8,54.7,119.4,12.33,26.6,orange:45.6 red:8.7,
NQ Studio/raw footage/2026-09-09/DJI_20260909123420_0042_D.MP4,54,108.0,1920,1080,landscape,11.2,50.9,120.1,8.71,13.7,orange:29.5 red:6.9,
NQ Studio/raw footage/2026-09-09/DJI_20260909123420_0042_D.MP4,55,110.0,1920,1080,landscape,10.7,48.7,117.5,4.62,11.8,orange:33.0 red:6.2,
NQ Studio/raw footage/2026-09-09/DJI_20260909123420_0042_D.MP4,56,112.0,1920,1080,landscape,11.8,52.3,141.1,8.84,9.2,orange:25.2 red:8.4 blue:2.1,
NQ Studio/raw footage/2026-09-09/DJI_20260909123420_0042_D.MP4,57,114.0,1920,1080,landscape,12.3,50.5,130.2,10.99,20.2,orange:44.2,
NQ Studio/raw footage/2026-09-09/DJI_20260909123420_0042_D.MP4,58,116.0,1920,1080,landscape,10.6,52.5,126.7,10.19,23.8,orange:34.8 red:10.9 blue:2.0,
NQ Studio/raw footage/2026-09-09/DJI_20260909123420_0042_D.MP4,59,118.0,1920,1080,landscape,11.3,66.1,147.6,11.5,30.1,orange:39.1 blue:20.1 yellow:3.9 red:3.3,
NQ Studio/raw footage/2026-09-09/DJI_20260909123420_0042_D.MP4,60,120.0,1920,1080,landscape,12.4,76.8,235.0,16.23,28.6,orange:39.9 red:3.9 yellow:2.0,
NQ Studio/raw footage/2026-09-09/DJI_20260909123420_0042_D.MP4,61,122.0,1920,1080,landscape,9.9,57.5,141.3,13.81,22.0,orange:30.1 blue:5.8 red:3.4,
NQ Studio/raw footage/2026-09-09/DJI_20260909123420_0042_D.MP4,62,124.0,1920,1080,landscape,11.0,66.0,172.9,10.34,20.3,orange:31.8 blue:11.3,
NQ Studio/raw footage/2026-09-09/DJI_20260909123420_0042_D.MP4,63,126.0,1920,1080,landscape,10.1,56.4,110.0,9.48,21.8,orange:35.6 blue:3.0,
NQ Studio/raw footage/2026-09-09/DJI_20260909123420_0042_D.MP4,64,128.0,1920,1080,landscape,8.9,57.9,116.0,9.02,18.6,orange:29.7 blue:2.7,
NQ Studio/raw footage/2026-09-09/DJI_20260909123420_0042_D.MP4,65,130.0,1920,1080,landscape,11.7,55.6,135.9,10.03,23.2,orange:37.7,
NQ Studio/raw footage/2026-09-09/DJI_20260909123420_0042_D.MP4,66,132.0,1920,1080,landscape,10.3,57.1,163.8,9.84,19.7,orange:33.7,
NQ Studio/raw footage/2026-09-09/DJI_20260909123420_0042_D.MP4,67,134.0,1920,1080,landscape,10.3,58.5,168.4,11.63,17.1,orange:31.7,
NQ Studio/raw footage/2026-09-09/DJI_20260909123420_0042_D.MP4,68,136.0,1920,1080,landscape,9.3,52.5,123.9,10.09,20.4,orange:32.4,
NQ Studio/raw footage/2026-09-09/DJI_20260909123420_0042_D.MP4,69,138.0,1920,1080,landscape,9.0,46.0,144.9,7.76,10.2,orange:23.0,
NQ Studio/raw footage/2026-09-09/DJI_20260909123420_0042_D.MP4,70,140.0,1920,1080,landscape,9.8,46.0,144.5,7.59,6.7,orange:24.0,
NQ Studio/raw footage/2026-09-09/DJI_20260909123420_0042_D.MP4,71,142.0,1920,1080,landscape,7.8,37.7,88.3,8.26,8.1,orange:19.8,
NQ Studio/raw footage/2026-09-09/DJI_20260909123420_0042_D.MP4,72,144.0,1920,1080,landscape,8.2,44.2,121.4,8.52,9.8,orange:25.6,
NQ Studio/raw footage/2026-09-09/DJI_20260909123420_0042_D.MP4,73,146.0,1920,1080,landscape,8.6,45.1,127.5,5.68,6.4,orange:21.5 blue:2.2,
NQ Studio/raw footage/2026-09-09/DJI_20260909123420_0042_D.MP4,74,148.0,1920,1080,landscape,9.1,38.9,93.3,8.35,7.6,orange:20.6,
NQ Studio/raw footage/2026-09-09/DJI_20260909123420_0042_D.MP4,75,150.0,1920,1080,landscape,7.2,38.3,98.5,6.94,7.4,orange:16.7,
NQ Studio/raw footage/2026-09-09/DJI_20260909123420_0042_D.MP4,76,152.0,1920,1080,landscape,8.7,51.5,135.1,10.88,15.7,orange:24.8,
NQ Studio/raw footage/2026-09-09/DJI_20260909123420_0042_D.MP4,77,154.0,1920,1080,landscape,8.8,48.4,116.0,9.02,9.8,orange:14.9,
NQ Studio/raw footage/2026-09-09/DJI_20260909123420_0042_D.MP4,78,156.0,1920,1080,landscape,8.2,52.4,102.8,9.41,13.1,orange:19.1 red:2.9,
NQ Studio/raw footage/2026-09-09/DJI_20260909123420_0042_D.MP4,79,158.0,1920,1080,landscape,8.8,53.0,109.8,8.32,12.3,orange:15.8 red:2.1,
NQ Studio/raw footage/2026-09-09/DJI_20260909123420_0042_D.MP4,80,160.0,1920,1080,landscape,11.0,51.8,130.9,11.09,15.3,orange:24.5,
NQ Studio/raw footage/2026-09-09/DJI_20260909123420_0042_D.MP4,81,162.0,1920,1080,landscape,9.7,55.1,121.4,10.63,17.6,orange:31.0,
NQ Studio/raw footage/2026-09-09/DJI_20260909123420_0042_D.MP4,82,164.0,1920,1080,landscape,11.6,73.3,197.5,16.2,16.6,orange:20.8 blue:7.0 red:5.1,
NQ Studio/raw footage/2026-09-09/DJI_20260909123420_0042_D.MP4,83,166.0,1920,1080,landscape,8.9,53.4,119.5,12.27,15.0,orange:29.5 blue:5.7 red:5.6,
NQ Studio/raw footage/2026-09-09/DJI_20260909123420_0042_D.MP4,84,168.0,1920,1080,landscape,13.1,75.9,235.0,16.61,11.0,blue:23.3 orange:15.0,
NQ Studio/raw footage/2026-09-09/DJI_20260909123420_0042_D.MP4,85,170.0,1920,1080,landscape,10.3,56.5,225.9,17.2,15.4,orange:24.6 blue:5.7 red:2.5,
NQ Studio/raw footage/2026-09-09/DJI_20260909123420_0042_D.MP4,86,172.0,1920,1080,landscape,11.9,88.6,210.9,21.73,24.6,orange:32.8 blue:10.1 yellow:6.3 red:4.4,
NQ Studio/raw footage/2026-09-09/DJI_20260909124118_0043_D.MP4,1,2.0,1920,1080,landscape,8.6,105.7,190.8,0.0,75.6,orange:79.8 yellow:9.3 blue:2.1,
NQ Studio/raw footage/2026-09-09/DJI_20260909124118_0043_D.MP4,2,4.0,1920,1080,landscape,8.1,100.9,189.6,8.85,70.9,orange:79.0 yellow:5.7 red:3.1,
NQ Studio/raw footage/2026-09-09/DJI_20260909124118_0043_D.MP4,3,6.0,1920,1080,landscape,8.8,100.6,193.7,7.77,68.8,orange:75.5 yellow:6.2 red:3.8 blue:2.3,
NQ Studio/raw footage/2026-09-09/DJI_20260909124118_0043_D.MP4,4,8.0,1920,1080,landscape,9.0,94.4,179.9,13.5,63.3,orange:66.2 red:11.5 yellow:4.4 blue:4.2,
NQ Studio/raw footage/2026-09-09/DJI_20260909124118_0043_D.MP4,5,10.0,1920,1080,landscape,10.4,93.9,178.6,5.8,62.5,orange:64.2 red:12.0 blue:4.6 yellow:3.7,
NQ Studio/raw footage/2026-09-09/DJI_20260909124118_0043_D.MP4,6,12.0,1920,1080,landscape,10.9,94.3,182.9,5.62,61.5,orange:62.4 red:12.8 blue:4.8 yellow:3.5,
NQ Studio/raw footage/2026-09-09/DJI_20260909124118_0043_D.MP4,7,14.0,1920,1080,landscape,9.9,96.6,184.5,9.63,62.2,orange:64.6 red:16.0 yellow:4.6 blue:2.8,
NQ Studio/raw footage/2026-09-09/DJI_20260909124118_0043_D.MP4,8,16.0,1920,1080,landscape,10.4,94.5,181.7,6.24,60.5,orange:62.8 red:16.6 blue:3.7 yellow:2.7,
NQ Studio/raw footage/2026-09-09/DJI_20260909124118_0043_D.MP4,9,18.0,1920,1080,landscape,9.3,78.1,172.2,16.42,45.7,orange:55.6 yellow:13.0 red:4.6 blue:3.2,
NQ Studio/raw footage/2026-09-09/DJI_20260909124118_0043_D.MP4,10,20.0,1920,1080,landscape,8.8,79.5,176.4,6.88,46.1,orange:56.4 yellow:10.6 red:8.3 blue:3.3,
NQ Studio/raw footage/2026-09-09/DJI_20260909124118_0043_D.MP4,11,22.0,1920,1080,landscape,8.8,81.6,177.7,4.8,47.4,orange:57.4 yellow:10.3 red:8.3 blue:3.5,
NQ Studio/raw footage/2026-09-09/DJI_20260909124118_0043_D.MP4,12,24.0,1920,1080,landscape,8.8,82.1,177.6,2.97,47.6,orange:57.7 yellow:10.1 red:8.6 blue:3.4,
NQ Studio/raw footage/2026-09-09/DJI_20260909124118_0043_D.MP4,13,26.0,1920,1080,landscape,8.6,82.8,177.3,3.61,48.1,orange:57.5 yellow:9.8 red:9.5 blue:3.4,
NQ Studio/raw footage/2026-09-09/DJI_20260909124118_0043_D.MP4,14,28.0,1920,1080,landscape,8.8,82.1,176.8,3.03,47.7,orange:57.1 yellow:9.7 red:9.5 blue:3.4,
NQ Studio/raw footage/2026-09-09/DJI_20260909124118_0043_D.MP4,15,30.0,1920,1080,landscape,14.6,99.0,206.4,23.04,53.2,orange:50.0 red:9.6 blue:6.5 yellow:4.8,
NQ Studio/raw footage/2026-09-09/DJI_20260909124118_0043_D.MP4,16,32.0,1920,1080,landscape,6.3,42.7,106.8,24.66,9.9,orange:8.9 red:5.8,
NQ Studio/raw footage/2026-09-09/DJI_20260909124118_0043_D.MP4,17,34.0,1920,1080,landscape,7.6,47.5,130.3,9.62,12.7,orange:14.3 red:2.4,
NQ Studio/raw footage/2026-09-09/DJI_20260909124118_0043_D.MP4,18,36.0,1920,1080,landscape,11.3,71.4,218.5,16.55,31.8,orange:36.2 blue:7.5 red:4.3 yellow:2.6,
NQ Studio/raw footage/2026-09-09/DJI_20260909124118_0043_D.MP4,19,38.0,1920,1080,landscape,11.9,74.3,219.4,3.64,29.3,orange:37.2 blue:7.6 red:5.2 yellow:2.6,
NQ Studio/raw footage/2026-09-03/ (brake clip pulled in an earlier session - exact file unconfirmed),1,2.0,1080,1920,vertical,11.0,54.8,238.9,0.0,2.5,yellow:8.8 blue:6.1 orange:4.0 green:2.1,
NQ Studio/raw footage/2026-09-03/ (brake clip pulled in an earlier session - exact file unconfirmed),2,4.0,1080,1920,vertical,9.6,37.1,171.3,29.63,1.1,green:14.2 teal:7.7 yellow:4.9,
NQ Studio/raw footage/2026-09-03/ (brake clip pulled in an earlier session - exact file unconfirmed),3,6.0,1080,1920,vertical,12.1,70.0,195.5,25.17,8.6,orange:12.9 yellow:12.7 green:7.5 teal:5.4,
NQ Studio/raw footage/2026-09-03/ (brake clip pulled in an earlier session - exact file unconfirmed),4,8.0,1080,1920,vertical,11.7,76.0,211.9,19.33,11.1,orange:15.6 yellow:8.9 teal:6.9 green:6.8,
NQ Studio/raw footage/2026-09-03/ (brake clip pulled in an earlier session - exact file unconfirmed),5,10.0,1080,1920,vertical,11.0,59.4,202.2,17.84,9.5,yellow:14.2 orange:11.6 teal:6.9,
NQ Studio/raw footage/2026-09-03/ (brake clip pulled in an earlier session - exact file unconfirmed),6,12.0,1080,1920,vertical,12.2,73.4,189.2,23.93,5.1,green:18.8 yellow:10.1 orange:6.4 blue:2.5,
NQ Studio/raw footage/2026-09-03/ (brake clip pulled in an earlier session - exact file unconfirmed),7,14.0,1080,1920,vertical,12.6,51.3,199.6,27.03,2.5,green:9.8 yellow:7.7 orange:3.8 teal:3.8,
NQ Studio/raw footage/2026-09-03/ (brake clip pulled in an earlier session - exact file unconfirmed),8,16.0,1080,1920,vertical,11.6,57.3,228.4,21.32,2.9,yellow:6.5 orange:5.7 teal:5.6,
NQ Studio/raw footage/2026-09-03/ (brake clip pulled in an earlier session - exact file unconfirmed),9,18.0,1080,1920,vertical,10.8,81.5,200.2,27.71,19.1,green:28.2 orange:21.2 blue:2.8,
NQ Studio/raw footage/2026-09-03/ (brake clip pulled in an earlier session - exact file unconfirmed),10,20.0,1080,1920,vertical,13.0,79.1,214.0,40.32,5.1,green:20.2 blue:10.9 orange:6.1 teal:2.0,
NQ Studio/raw footage/2026-09-03/ (brake clip pulled in an earlier session - exact file unconfirmed),11,22.0,1080,1920,vertical,10.9,34.2,155.7,34.06,2.9,orange:10.2 teal:6.1 yellow:2.4 green:2.3,
NQ Studio/raw footage/2026-09-03/ (brake clip pulled in an earlier session - exact file unconfirmed),12,24.0,1080,1920,vertical,8.8,36.8,195.8,11.41,5.9,green:8.8 orange:7.9 yellow:3.4,
NQ Studio/raw footage/2026-09-03/ (brake clip pulled in an earlier session - exact file unconfirmed),13,26.0,1080,1920,vertical,9.7,38.6,195.0,17.11,1.8,green:7.6 yellow:4.4 orange:2.6,
NQ Studio/raw footage/2026-09-03/ (brake clip pulled in an earlier session - exact file unconfirmed),14,28.0,1080,1920,vertical,14.0,76.7,207.3,28.59,9.6,orange:14.8 yellow:8.9 green:7.7 teal:2.9 blue:2.3,
NQ Studio/raw footage/2026-09-03/ (brake clip pulled in an earlier session - exact file unconfirmed),15,30.0,1080,1920,vertical,12.0,74.3,199.9,18.1,12.8,orange:18.9 yellow:7.6 green:3.8 teal:2.9 blue:2.6,
NQ Studio/raw footage/2026-09-03/ (brake clip pulled in an earlier session - exact file unconfirmed),16,32.0,1080,1920,vertical,11.4,75.0,217.8,22.79,4.3,yellow:7.4 orange:6.9 teal:2.8 blue:2.8,
NQ Studio/raw footage/2026-09-03/ (brake clip pulled in an earlier session - exact file unconfirmed),17,34.0,1080,1920,vertical,13.2,60.5,176.8,23.84,3.2,yellow:6.0 green:4.9 orange:4.6,
NQ Studio/raw footage/2026-09-03/ (brake clip pulled in an earlier session - exact file unconfirmed),18,36.0,1080,1920,vertical,10.0,51.3,165.0,18.36,3.8,yellow:8.9 green:4.8 orange:3.8 red:3.6,
NQ Studio/raw footage/2026-09-03/ (brake clip pulled in an earlier session - exact file unconfirmed),19,38.0,1080,1920,vertical,6.0,60.7,147.0,16.89,14.0,red:39.2 green:11.5,
NQ Studio/raw footage/2026-09-03/ (brake clip pulled in an earlier session - exact file unconfirmed),20,40.0,1080,1920,vertical,9.2,68.5,186.4,17.22,24.5,red:32.9 green:6.5 orange:5.9 yellow:3.8,
NQ Studio/raw footage/2026-09-03/ (brake clip pulled in an earlier session - exact file unconfirmed),21,42.0,1080,1920,vertical,9.0,57.7,180.4,15.4,8.5,red:18.4 orange:4.2 green:3.9 yellow:2.4,
NQ Studio/raw footage/2026-09-03/ (brake clip pulled in an earlier session - exact file unconfirmed),22,44.0,1080,1920,vertical,8.7,17.5,113.3,20.06,0.1,,
NQ Studio/raw footage/2026-09-03/ (brake clip pulled in an earlier session - exact file unconfirmed),23,46.0,1080,1920,vertical,6.5,19.7,136.3,10.68,2.9,orange:6.2,
NQ Studio/raw footage/2026-09-03/ (brake clip pulled in an earlier session - exact file unconfirmed),24,48.0,1080,1920,vertical,10.6,50.8,186.9,18.69,2.3,yellow:6.1 green:4.3 orange:3.1,
NQ Studio/raw footage/2026-09-03/ (brake clip pulled in an earlier session - exact file unconfirmed),25,50.0,1080,1920,vertical,9.0,33.5,144.1,14.99,2.0,yellow:8.1 orange:2.9,
NQ Studio/raw footage/2026-09-03/ (brake clip pulled in an earlier session - exact file unconfirmed),26,52.0,1080,1920,vertical,7.8,34.6,141.1,17.44,5.7,yellow:14.6 orange:6.4,
NQ Studio/raw footage/2026-09-03/2026-09-03 23-05-48 on the forklift.mov,1,2.0,1080,1920,vertical,10.6,102.3,168.7,0.0,32.5,orange:43.7,
NQ Studio/raw footage/2026-09-03/2026-09-03 23-05-48 on the forklift.mov,2,4.0,1080,1920,vertical,10.7,103.2,169.4,1.8,31.8,orange:43.9,
NQ Studio/raw footage/2026-09-03/2026-09-03 23-05-48 on the forklift.mov,3,6.0,1080,1920,vertical,10.7,103.5,170.3,2.13,30.3,orange:41.6,
NQ Studio/raw footage/2026-09-03/2026-09-03 23-05-48 on the forklift.mov,4,8.0,1080,1920,vertical,10.3,97.4,168.0,3.61,27.7,orange:36.7,
NQ Studio/raw footage/2026-09-03/2026-09-03 23-05-48 on the forklift.mov,5,10.0,1080,1920,vertical,10.5,99.6,167.3,3.53,30.3,orange:42.0,
NQ Studio/raw footage/2026-09-03/2026-09-03 23-05-48 on the forklift.mov,6,12.0,1080,1920,vertical,10.4,101.0,167.7,3.46,28.5,orange:40.8,
NQ Studio/raw footage/2026-09-03/2026-09-03 23-05-48 on the forklift.mov,7,14.0,1080,1920,vertical,10.2,99.7,168.0,2.36,28.8,orange:40.3,
NQ Studio/raw footage/2026-09-03/2026-09-03 23-05-48 on the forklift.mov,8,16.0,1080,1920,vertical,10.3,100.1,168.7,0.85,28.9,orange:40.5,
NQ Studio/raw footage/2026-09-03/2026-09-03 23-05-48 on the forklift.mov,9,18.0,1080,1920,vertical,10.3,99.9,168.5,0.62,29.3,orange:40.6,
NQ Studio/raw footage/2026-09-03/2026-09-03 23-05-48 on the forklift.mov,10,20.0,1080,1920,vertical,10.3,101.6,168.9,2.44,27.9,orange:40.6,
NQ Studio/raw footage/2026-09-03/2026-09-03 23-05-48 on the forklift.mov,11,22.0,1080,1920,vertical,10.4,102.1,169.5,2.36,27.8,orange:40.7,
NQ Studio/raw footage/2026-09-03/2026-09-03 23-05-48 on the forklift.mov,12,24.0,1080,1920,vertical,10.2,101.0,169.1,5.19,29.4,orange:41.9,
NQ Studio/raw footage/2026-09-03/2026-09-03 23-05-48 on the forklift.mov,13,26.0,1080,1920,vertical,10.3,104.7,180.4,7.22,31.2,orange:44.5,
NQ Studio/raw footage/2026-09-03/2026-09-03 23-05-48 on the forklift.mov,14,28.0,1080,1920,vertical,10.4,102.8,183.1,9.19,27.4,orange:39.7,
NQ Studio/raw footage/2026-09-03/2026-09-03 23-05-48 on the forklift.mov,15,30.0,1080,1920,vertical,10.1,100.0,166.9,10.08,27.9,orange:42.0,
NQ Studio/raw footage/2026-09-03/2026-09-03 23-05-48 on the forklift.mov,16,32.0,1080,1920,vertical,9.5,99.9,171.0,9.16,26.9,orange:36.5,
NQ Studio/raw footage/2026-09-03/2026-09-03 23-05-48 on the forklift.mov,17,34.0,1080,1920,vertical,10.5,100.9,176.4,7.05,24.1,orange:34.5,
NQ Studio/raw footage/2026-09-03/2026-09-03 23-05-48 on the forklift.mov,18,36.0,1080,1920,vertical,10.7,97.9,176.0,7.0,27.0,orange:35.7,
NQ Studio/raw footage/2026-09-03/2026-09-03 23-05-48 on the forklift.mov,19,38.0,1080,1920,vertical,11.3,97.1,177.2,6.57,25.5,orange:35.4,
NQ Studio/raw footage/2026-09-03/2026-09-03 23-05-48 on the forklift.mov,20,40.0,1080,1920,vertical,10.9,95.8,177.2,4.54,23.8,orange:32.6,
NQ Studio/raw footage/2026-09-03/2026-09-03 23-05-48 on the forklift.mov,21,42.0,1080,1920,vertical,11.0,95.9,177.3,1.46,23.9,orange:33.0,
NQ Studio/raw footage/2026-09-03/2026-09-03 23-05-48 on the forklift.mov,22,44.0,1080,1920,vertical,11.1,97.2,177.9,2.83,24.4,orange:34.0,
NQ Studio/raw footage/2026-09-03/2026-09-03 23-05-48 on the forklift.mov,23,46.0,1080,1920,vertical,11.0,91.7,172.0,4.41,26.0,orange:35.0,
NQ Studio/raw footage/2026-09-03/2026-09-03 23-05-48 on the forklift.mov,24,48.0,1080,1920,vertical,10.8,95.8,176.5,4.26,23.4,orange:32.6,
NQ Studio/raw footage/2026-09-03/2026-09-03 23-05-48 on the forklift.mov,25,50.0,1080,1920,vertical,11.0,100.3,180.9,5.66,24.5,orange:33.8,
NQ Studio/raw footage/2026-09-03/2026-09-03 23-05-48 on the forklift.mov,26,52.0,1080,1920,vertical,11.1,100.1,181.2,1.52,25.0,orange:34.8,
NQ Studio/raw footage/2026-09-03/2026-09-03 23-05-48 on the forklift.mov,27,54.0,1080,1920,vertical,11.0,101.2,181.3,1.58,25.1,orange:35.2,
NQ Studio/raw footage/2026-09-03/2026-09-03 23-05-48 on the forklift.mov,28,56.0,1080,1920,vertical,11.1,100.9,181.3,1.03,25.0,orange:34.8,
NQ Studio/raw footage/2026-09-03/2026-09-03 23-05-48 on the forklift.mov,29,58.0,1080,1920,vertical,11.4,98.3,181.7,2.52,26.7,orange:36.2,
NQ Studio/raw footage/2026-09-03/2026-09-03 23-05-48 on the forklift.mov,30,60.0,1080,1920,vertical,11.0,96.8,178.1,3.54,24.9,orange:34.4,
NQ Studio/raw footage/2026-09-03/2026-09-03 23-10-09 gt3 rolling in.mov,1,2.0,1080,1920,vertical,9.1,91.7,250.0,0.0,7.8,blue:23.6 orange:15.6,
NQ Studio/raw footage/2026-09-03/2026-09-03 23-10-09 gt3 rolling in.mov,2,4.0,1080,1920,vertical,9.0,93.7,247.8,12.3,6.7,blue:24.1 orange:15.1,
NQ Studio/raw footage/2026-09-03/2026-09-03 23-10-09 gt3 rolling in.mov,3,6.0,1080,1920,vertical,9.1,89.6,176.4,10.06,6.8,blue:18.4 orange:16.9,
NQ Studio/raw footage/2026-09-03/2026-09-03 23-10-09 gt3 rolling in.mov,4,8.0,1080,1920,vertical,9.0,90.6,187.1,7.13,6.1,blue:20.2 orange:16.8,
NQ Studio/raw footage/2026-09-03/2026-09-03 23-10-09 gt3 rolling in.mov,5,10.0,1080,1920,vertical,8.7,91.2,199.6,9.16,7.5,orange:19.0 blue:15.0,
NQ Studio/raw footage/2026-09-03/2026-09-03 23-10-09 gt3 rolling in.mov,6,12.0,1080,1920,vertical,8.8,90.8,250.1,9.91,7.9,orange:19.2 blue:16.4,
NQ Studio/raw footage/2026-09-03/2026-09-03 23-10-09 gt3 rolling in.mov,7,14.0,1080,1920,vertical,8.9,86.2,208.1,14.01,8.3,orange:19.3 blue:15.2,
NQ Studio/raw footage/2026-09-03/2026-09-03 23-10-09 gt3 rolling in.mov,8,16.0,1080,1920,vertical,9.6,89.6,194.0,11.33,7.0,orange:18.6 blue:9.1,
NQ Studio/raw footage/2026-09-03/2026-09-03 23-10-09 gt3 rolling in.mov,9,18.0,1080,1920,vertical,8.9,94.3,190.3,11.82,6.0,orange:14.9 blue:5.4,
NQ Studio/raw footage/2026-09-03/2026-09-03 23-10-09 gt3 rolling in.mov,10,20.0,1080,1920,vertical,8.5,86.8,189.3,13.58,4.0,orange:13.0 blue:6.9,
NQ Studio/raw footage/2026-09-03/2026-09-03 23-10-09 gt3 rolling in.mov,11,22.0,1080,1920,vertical,8.0,95.8,196.9,10.07,3.6,orange:14.9 blue:8.4,
NQ Studio/raw footage/2026-09-03/2026-09-03 23-10-09 gt3 rolling in.mov,12,24.0,1080,1920,vertical,9.1,94.1,196.8,13.84,5.5,orange:14.3 blue:5.3,
NQ Studio/raw footage/2026-09-03/2026-09-03 23-10-09 gt3 rolling in.mov,13,26.0,1080,1920,vertical,8.4,89.1,206.5,14.96,4.1,orange:10.3 blue:6.4,
NQ Studio/raw footage/2026-09-03/2026-09-03 23-10-09 gt3 rolling in.mov,14,28.0,1080,1920,vertical,9.3,94.4,220.4,9.36,4.6,orange:12.2 blue:8.2,
NQ Studio/raw footage/2026-09-03/2026-09-03 23-10-09 gt3 rolling in.mov,15,30.0,1080,1920,vertical,9.7,102.0,229.6,10.37,2.5,orange:10.8 blue:8.2,
NQ Studio/raw footage/2026-09-03/2026-09-03 23-10-09 gt3 rolling in.mov,16,32.0,1080,1920,vertical,9.7,103.5,229.9,7.76,3.4,orange:10.7 blue:8.1,
NQ Studio/raw footage/2026-09-03/2026-09-03 23-10-09 gt3 rolling in.mov,17,34.0,1080,1920,vertical,9.7,102.3,228.4,3.22,3.6,orange:12.1 blue:8.0,
NQ Studio/raw footage/2026-09-03/2026-09-03 23-10-09 gt3 rolling in.mov,18,36.0,1080,1920,vertical,10.0,107.9,227.9,12.52,3.6,orange:14.3 blue:9.3,
NQ Studio/raw footage/2026-09-03/2026-09-03 23-10-09 gt3 rolling in.mov,19,38.0,1080,1920,vertical,7.9,92.7,178.3,13.05,4.1,orange:15.7 blue:5.1,
NQ Studio/raw footage/2026-09-03/2026-09-03 23-10-09 gt3 rolling in.mov,20,40.0,1080,1920,vertical,9.0,88.9,184.3,7.94,7.1,orange:20.9 red:6.5 blue:5.0,
NQ Studio/raw footage/2026-09-03/2026-09-03 23-10-09 gt3 rolling in.mov,21,42.0,1080,1920,vertical,9.3,98.8,227.5,11.02,6.0,orange:16.7 blue:6.2,
NQ Studio/raw footage/2026-09-03/2026-09-03 23-10-09 gt3 rolling in.mov,22,44.0,1080,1920,vertical,9.2,98.6,225.8,6.1,6.3,orange:15.3 blue:6.6,
NQ Studio/raw footage/2026-09-03/2026-09-03 23-10-09 gt3 rolling in.mov,23,46.0,1080,1920,vertical,9.2,95.5,209.4,7.34,5.4,orange:13.8 blue:6.7,
NQ Studio/raw footage/2026-09-03/2026-09-03 23-10-09 gt3 rolling in.mov,24,48.0,1080,1920,vertical,9.2,95.8,210.2,3.06,5.9,orange:14.5 blue:7.2,
NQ Studio/raw footage/2026-09-03/2026-09-03 23-10-09 gt3 rolling in.mov,25,50.0,1080,1920,vertical,9.1,98.3,213.8,4.75,6.0,orange:14.4 blue:7.0,
NQ Studio/raw footage/2026-09-03/2026-09-03 23-10-09 gt3 rolling in.mov,26,52.0,1080,1920,vertical,9.4,97.5,206.0,9.22,5.5,orange:13.3 blue:5.3,
NQ Studio/raw footage/2026-09-03/2026-09-03 23-10-09 gt3 rolling in.mov,27,54.0,1080,1920,vertical,9.4,95.4,190.2,8.66,5.2,orange:13.8 blue:4.7,
NQ Studio/raw footage/2026-09-03/2026-09-03 23-10-09 gt3 rolling in.mov,28,56.0,1080,1920,vertical,9.9,97.1,201.0,10.36,3.7,orange:9.8 blue:4.7,
NQ Studio/raw footage/2026-09-03/2026-09-03 23-10-09 gt3 rolling in.mov,29,58.0,1080,1920,vertical,8.8,91.1,206.3,8.46,3.6,orange:9.3 blue:5.1,
NQ Studio/raw footage/2026-09-03/2026-09-03 23-10-09 gt3 rolling in.mov,30,60.0,1080,1920,vertical,8.9,91.7,208.1,10.89,3.4,orange:9.2 blue:5.6,
NQ Studio/raw footage/2026-09-03/2026-09-03 23-10-09 gt3 rolling in.mov,31,62.0,1080,1920,vertical,9.5,92.2,213.2,11.0,2.4,orange:6.7 blue:5.6,
NQ Studio/raw footage/2026-09-03/2026-09-03 23-10-09 gt3 rolling in.mov,32,64.0,1080,1920,vertical,10.0,87.2,192.7,10.89,2.3,orange:4.9 blue:4.6,
NQ Studio/raw footage/2026-09-03/2026-09-03 23-10-09 gt3 rolling in.mov,33,66.0,1080,1920,vertical,9.8,88.7,190.7,5.96,2.2,orange:5.3 blue:3.9,
NQ Studio/raw footage/2026-09-03/2026-09-03 23-10-09 gt3 rolling in.mov,34,68.0,1080,1920,vertical,9.9,89.7,181.7,7.52,9.3,orange:14.7 red:2.0,
NQ Studio/raw footage/2026-09-03/2026-09-03 23-10-09 gt3 rolling in.mov,35,70.0,1080,1920,vertical,10.0,89.6,182.6,9.28,7.8,orange:10.8 red:4.7,
NQ Studio/raw footage/2026-09-03/2026-09-03 23-10-09 gt3 rolling in.mov,36,72.0,1080,1920,vertical,10.2,94.8,189.7,6.69,8.6,orange:12.5 red:2.9,
NQ Studio/raw footage/2026-09-03/2026-09-03 23-10-09 gt3 rolling in.mov,37,74.0,1080,1920,vertical,10.5,95.1,191.5,7.72,9.7,orange:11.8 red:4.4,
NQ Studio/raw footage/2026-09-03/2026-09-03 23-10-09 gt3 rolling in.mov,38,76.0,1080,1920,vertical,10.0,91.3,195.2,12.37,7.4,red:20.6 orange:6.9 pink:3.0,
NQ Studio/raw footage/2026-09-03/2026-09-03 23-10-09 gt3 rolling in.mov,39,78.0,1080,1920,vertical,10.2,82.0,196.5,8.48,7.3,orange:7.6 red:7.1,
NQ Studio/raw footage/2026-09-03/2026-09-03 23-10-09 gt3 rolling in.mov,40,80.0,1080,1920,vertical,9.7,70.2,183.8,8.04,10.1,orange:10.3 red:7.0,
NQ Studio/raw footage/2026-09-03/2026-09-03 23-10-09 gt3 rolling in.mov,41,82.0,1080,1920,vertical,9.7,54.0,155.1,12.93,9.1,red:44.0 orange:8.5,
NQ Studio/raw footage/2026-09-03/2026-09-03 23-10-09 gt3 rolling in.mov,42,84.0,1080,1920,vertical,11.3,94.1,195.2,21.15,4.5,orange:8.8 red:5.9 blue:3.4,
NQ Studio/raw footage/2026-09-03/2026-09-03 23-10-09 gt3 rolling in.mov,43,86.0,1080,1920,vertical,10.6,90.6,203.5,18.35,3.9,orange:8.7,
NQ Studio/raw footage/2026-09-03/2026-09-03 23-10-09 gt3 rolling in.mov,44,88.0,1080,1920,vertical,10.3,102.4,196.9,22.13,1.7,orange:2.6 blue:2.2,
NQ Studio/raw footage/2026-09-03/2026-09-03 23-10-09 gt3 rolling in.mov,45,90.0,1080,1920,vertical,9.8,107.6,197.3,16.34,0.4,,
NQ Studio/raw footage/2026-09-03/2026-09-03 23-10-09 gt3 rolling in.mov,46,92.0,1080,1920,vertical,9.7,95.1,194.5,17.14,4.9,orange:7.4,
NQ Studio/raw footage/2026-09-03/2026-09-03 23-10-09 gt3 rolling in.mov,47,94.0,1080,1920,vertical,9.2,99.3,189.5,13.42,0.2,,
NQ Studio/raw footage/2026-09-03/2026-09-03 23-10-09 gt3 rolling in.mov,48,96.0,1080,1920,vertical,8.9,109.6,209.7,14.88,1.5,orange:3.9 blue:2.5,
NQ Studio/raw footage/2026-09-03/2026-09-03 23-10-09 gt3 rolling in.mov,49,98.0,1080,1920,vertical,9.7,103.0,217.1,14.88,0.7,blue:2.5,
NQ Studio/raw footage/2026-09-03/2026-09-03 23-10-09 gt3 rolling in.mov,50,100.0,1080,1920,vertical,10.2,108.8,238.4,19.78,1.6,blue:4.0 orange:3.8,
NQ Studio/raw footage/2026-09-03/2026-09-03 23-10-09 gt3 rolling in.mov,51,102.0,1080,1920,vertical,10.6,95.6,184.3,18.67,4.4,orange:7.9,
NQ Studio/raw footage/2026-09-03/2026-09-03 23-10-09 gt3 rolling in.mov,52,104.0,1080,1920,vertical,9.6,102.6,194.2,16.21,1.6,orange:4.1,
NQ Studio/raw footage/2026-09-03/2026-09-03 23-10-09 gt3 rolling in.mov,53,106.0,1080,1920,vertical,10.7,89.9,193.3,20.55,1.4,orange:2.3,
NQ Studio/raw footage/2026-09-03/2026-09-03 23-10-09 gt3 rolling in.mov,54,108.0,1080,1920,vertical,10.2,99.0,189.5,14.33,2.5,orange:4.7,
NQ Studio/raw footage/2026-09-03/2026-09-03 23-40-46 black car on the lift.mov,1,2.0,1080,1920,vertical,17.7,62.2,208.4,0.0,9.4,orange:12.0 yellow:11.6 blue:5.1 red:4.7,
NQ Studio/raw footage/2026-09-03/2026-09-03 23-40-46 black car on the lift.mov,2,4.0,1080,1920,vertical,17.8,62.2,208.8,0.29,9.2,orange:11.8 yellow:11.5 blue:5.1 red:4.8,
NQ Studio/raw footage/2026-09-03/2026-09-03 23-40-46 black car on the lift.mov,3,6.0,1080,1920,vertical,17.7,62.2,208.8,0.32,9.3,orange:11.9 yellow:11.5 blue:5.2 red:5.0,
NQ Studio/raw footage/2026-09-03/2026-09-03 23-40-46 black car on the lift.mov,4,8.0,1080,1920,vertical,17.7,62.1,208.7,0.22,9.2,orange:11.9 yellow:11.4 blue:5.2 red:5.0,
NQ Studio/raw footage/2026-09-03/2026-09-03 23-40-46 black car on the lift.mov,5,10.0,1080,1920,vertical,17.7,61.9,208.6,0.28,9.2,orange:11.8 yellow:11.4 blue:5.1 red:5.0,
NQ Studio/raw footage/2026-09-03/2026-09-03 23-40-46 black car on the lift.mov,6,12.0,1080,1920,vertical,17.7,61.7,208.1,0.29,9.2,orange:11.9 yellow:11.4 blue:5.2 red:5.0,
NQ Studio/raw footage/2026-09-03/2026-09-03 23-40-46 black car on the lift.mov,7,14.0,1080,1920,vertical,17.7,61.5,208.1,0.27,9.2,orange:11.7 yellow:11.6 blue:5.1 red:4.9,
NQ Studio/raw footage/2026-09-03/2026-09-03 23-40-46 black car on the lift.mov,8,16.0,1080,1920,vertical,17.9,61.8,204.9,1.24,9.7,orange:12.7 yellow:11.6 red:5.2 blue:4.6,
NQ Studio/raw footage/2026-09-03/2026-09-03 23-40-46 black car on the lift.mov,9,18.0,1080,1920,vertical,18.3,65.3,209.5,2.45,10.2,orange:13.8 yellow:10.3 red:5.5 blue:4.9,
NQ Studio/raw footage/2026-09-03/2026-09-03 23-40-46 black car on the lift.mov,10,20.0,1080,1920,vertical,18.3,62.8,209.1,1.31,9.5,orange:12.6 yellow:10.6 red:5.2 blue:4.6,
NQ Studio/raw footage/2026-09-03/2026-09-03 23-40-46 black car on the lift.mov,11,22.0,1080,1920,vertical,18.4,62.7,208.4,0.83,9.6,orange:12.5 yellow:10.6 red:5.2 blue:4.9,
NQ Studio/raw footage/2026-09-03/2026-09-03 23-40-46 black car on the lift.mov,12,24.0,1080,1920,vertical,18.6,62.6,208.0,0.62,9.5,orange:12.4 yellow:10.6 red:5.2 blue:5.1,
NQ Studio/raw footage/2026-09-03/2026-09-03 23-40-46 black car on the lift.mov,13,26.0,1080,1920,vertical,18.8,61.5,205.7,1.5,9.6,orange:12.5 yellow:10.0 blue:5.5 red:5.1,
NQ Studio/raw footage/2026-09-03/2026-09-03 23-40-46 black car on the lift.mov,14,28.0,1080,1920,vertical,18.5,61.3,209.2,6.61,10.7,orange:14.4 yellow:8.0 red:5.8 blue:4.3,
NQ Studio/raw footage/2026-09-03/2026-09-03 23-40-46 black car on the lift.mov,15,30.0,1080,1920,vertical,12.7,39.1,190.0,12.29,4.1,yellow:11.7 orange:4.8,
NQ Studio/raw footage/2026-09-03/2026-09-03 23-40-46 black car on the lift.mov,16,32.0,1080,1920,vertical,17.5,49.4,201.4,15.22,6.1,yellow:12.4 orange:8.7 blue:3.7,
NQ Studio/raw footage/2026-09-03/2026-09-03 23-40-46 black car on the lift.mov,17,34.0,1080,1920,vertical,16.5,58.6,202.0,11.4,9.6,orange:14.6 yellow:10.8 blue:5.4 red:4.4,
NQ Studio/raw footage/2026-09-03/2026-09-03 23-40-46 black car on the lift.mov,18,36.0,1080,1920,vertical,17.7,62.1,208.6,3.99,9.4,orange:12.1 yellow:11.8 red:5.0 blue:5.0,
NQ Studio/raw footage/2026-09-03/2026-09-03 23-40-46 black car on the lift.mov,19,38.0,1080,1920,vertical,17.8,64.6,213.2,5.16,9.7,orange:12.5 yellow:11.8 red:5.7 blue:5.1,
NQ Studio/raw footage/2026-09-03/2026-09-03 23-40-46 black car on the lift.mov,20,40.0,1080,1920,vertical,17.8,56.2,208.8,6.98,6.7,yellow:11.4 orange:8.8 blue:5.1,
NQ Studio/raw footage/2026-09-03/2026-09-03 23-40-46 black car on the lift.mov,21,42.0,1080,1920,vertical,17.0,42.3,194.0,7.09,4.9,yellow:10.4 orange:6.7 blue:4.6,
NQ Studio/raw footage/2026-09-03/2026-09-03 23-40-46 black car on the lift.mov,22,44.0,1080,1920,vertical,17.1,43.9,193.8,2.9,6.4,yellow:9.8 orange:7.7 blue:5.0,
NQ Studio/raw footage/2026-09-03/2026-09-03 23-40-46 black car on the lift.mov,23,46.0,1080,1920,vertical,17.1,43.8,193.7,0.26,7.2,yellow:9.3 orange:8.3 blue:4.9,
NQ Studio/raw footage/2026-09-03/2026-09-03 23-40-46 black car on the lift.mov,24,48.0,1080,1920,vertical,17.1,43.5,193.8,0.35,6.6,yellow:9.6 orange:7.7 blue:4.9,
NQ Studio/raw footage/2026-09-03/2026-09-03 23-40-46 black car on the lift.mov,25,50.0,1080,1920,vertical,17.1,43.6,194.0,0.19,7.8,yellow:8.9 orange:8.8 blue:5.0,
NQ Studio/raw footage/2026-09-03/2026-09-03 23-40-46 black car on the lift.mov,26,52.0,1080,1920,vertical,17.1,43.4,193.9,0.19,7.5,yellow:9.2 orange:8.4 blue:4.8,
NQ Studio/raw footage/2026-09-03/2026-09-03 23-40-46 black car on the lift.mov,27,54.0,1080,1920,vertical,17.1,43.4,194.0,0.28,8.0,orange:9.0 yellow:8.5 blue:5.0,
NQ Studio/raw footage/2026-09-03/2026-09-03 23-40-46 black car on the lift.mov,28,56.0,1080,1920,vertical,17.1,43.3,194.0,0.2,8.2,orange:9.1 yellow:8.4 blue:5.0,
NQ Studio/raw footage/2026-09-09/DJI_20260909123359_0041_D.MP4,1,2.0,1080,1920,vertical,7.4,45.8,104.5,0.0,8.8,orange:14.8,
NQ Studio/raw footage/2026-09-09/DJI_20260909123359_0041_D.MP4,2,4.0,1080,1920,vertical,8.0,50.5,95.7,7.96,12.9,orange:16.3 blue:6.0,
NQ Studio/raw footage/2026-09-09/DJI_20260909123359_0041_D.MP4,3,6.0,1080,1920,vertical,11.3,54.3,135.6,11.16,10.0,orange:20.1,
NQ Studio/raw footage/2026-09-09/DJI_20260909123359_0041_D.MP4,4,8.0,1080,1920,vertical,11.5,60.4,153.9,13.38,18.2,orange:30.5 red:3.4,
NQ Studio/raw footage/2026-09-09/DJI_20260909123359_0041_D.MP4,5,10.0,1080,1920,vertical,8.6,84.8,235.4,20.49,2.8,blue:23.4 orange:8.7 red:2.1,
NQ Studio/raw footage/2026-09-04/2026-09-04 00-12-11 matte black wheel work.mov,1,2.0,1080,1920,vertical,9.8,114.2,185.8,0.0,4.5,orange:7.9 red:2.8,
NQ Studio/raw footage/2026-09-04/2026-09-04 00-12-11 matte black wheel work.mov,2,4.0,1080,1920,vertical,9.2,111.8,183.0,3.22,5.9,orange:9.1 red:3.1,
NQ Studio/raw footage/2026-09-04/2026-09-04 00-12-11 matte black wheel work.mov,3,6.0,1080,1920,vertical,8.8,110.9,185.3,14.96,3.5,orange:5.4 red:3.1,
NQ Studio/raw footage/2026-09-04/2026-09-04 00-12-11 matte black wheel work.mov,4,8.0,1080,1920,vertical,7.5,104.3,200.1,20.55,5.3,orange:7.3,
NQ Studio/raw footage/2026-09-04/2026-09-04 00-12-11 matte black wheel work.mov,5,10.0,1080,1920,vertical,8.5,100.1,205.7,16.34,12.9,orange:21.5 red:2.7,
NQ Studio/raw footage/2026-09-04/2026-09-04 00-12-11 matte black wheel work.mov,6,12.0,1080,1920,vertical,7.2,148.1,252.0,24.46,8.1,orange:12.4,
NQ Studio/raw footage/2026-09-04/2026-09-04 00-12-11 matte black wheel work.mov,7,14.0,1080,1920,vertical,9.8,74.5,192.7,35.41,7.6,orange:9.9,
NQ Studio/raw footage/2026-09-04/2026-09-04 00-12-11 matte black wheel work.mov,8,16.0,1080,1920,vertical,6.3,57.8,184.3,17.83,2.6,green:9.2 orange:3.9 blue:2.3,
NQ Studio/raw footage/2026-09-04/2026-09-04 00-12-11 matte black wheel work.mov,9,18.0,1080,1920,vertical,7.6,65.9,199.7,9.33,12.9,orange:25.5 yellow:3.7 blue:2.0,
NQ Studio/raw footage/2026-09-04/2026-09-04 00-12-11 matte black wheel work.mov,10,20.0,1080,1920,vertical,7.1,62.3,201.7,5.08,6.8,orange:16.6 yellow:3.6 green:3.1,
NQ Studio/raw footage/2026-09-04/2026-09-04 00-12-11 matte black wheel work.mov,11,22.0,1080,1920,vertical,8.1,64.0,199.3,7.45,11.5,orange:21.8,
NQ Studio/raw footage/2026-09-04/2026-09-04 00-12-11 matte black wheel work.mov,12,24.0,1080,1920,vertical,3.6,29.2,125.8,14.6,2.2,orange:10.0,
NQ Studio/raw footage/2026-09-04/2026-09-04 00-12-11 matte black wheel work.mov,13,26.0,1080,1920,vertical,5.1,33.3,165.3,2.18,4.3,orange:11.8,
NQ Studio/raw footage/2026-09-04/2026-09-04 00-12-11 matte black wheel work.mov,14,28.0,1080,1920,vertical,4.9,47.2,197.2,6.14,2.7,orange:6.8,
NQ Studio/raw footage/2026-09-04/2026-09-04 00-12-11 matte black wheel work.mov,15,30.0,1080,1920,vertical,6.0,51.9,203.4,4.56,4.0,orange:7.8 green:3.8,
NQ Studio/raw footage/2026-09-04/2026-09-04 00-12-11 matte black wheel work.mov,16,32.0,1080,1920,vertical,6.2,66.9,210.9,7.66,0.4,green:6.4,
NQ Studio/raw footage/2026-09-04/2026-09-04 00-12-11 matte black wheel work.mov,17,34.0,1080,1920,vertical,6.4,63.9,208.4,1.79,0.2,green:7.2,
NQ Studio/raw footage/2026-09-04/2026-09-04 00-12-11 matte black wheel work.mov,18,36.0,1080,1920,vertical,6.7,65.8,207.7,3.61,3.9,orange:5.9 yellow:3.9 green:2.1,
NQ Studio/raw footage/2026-09-04/2026-09-04 00-12-11 matte black wheel work.mov,19,38.0,1080,1920,vertical,6.3,67.3,214.3,3.66,2.4,orange:4.3 yellow:2.9 green:2.0,
NQ Studio/raw footage/2026-09-04/2026-09-04 00-12-11 matte black wheel work.mov,20,40.0,1080,1920,vertical,5.7,65.9,215.8,3.17,0.1,,
NQ Studio/raw footage/2026-09-04/2026-09-04 00-12-11 matte black wheel work.mov,21,42.0,1080,1920,vertical,8.1,83.0,221.9,19.2,16.8,orange:22.8,
NQ Studio/raw footage/2026-09-04/2026-09-04 00-12-11 matte black wheel work.mov,22,44.0,1080,1920,vertical,8.1,39.1,130.3,21.83,1.8,orange:5.2 green:2.4,
NQ Studio/raw footage/2026-09-04/2026-09-04 00-12-11 matte black wheel work.mov,23,46.0,1080,1920,vertical,6.4,35.4,121.3,6.54,1.1,orange:3.9 green:2.6,
NQ Studio/raw footage/2026-09-04/2026-09-04 00-12-11 matte black wheel work.mov,24,48.0,1080,1920,vertical,6.8,31.7,99.9,7.2,0.3,orange:3.7,
NQ Studio/raw footage/2026-09-04/2026-09-04 00-12-11 matte black wheel work.mov,25,50.0,1080,1920,vertical,10.1,56.9,197.1,16.16,4.4,orange:6.3 teal:2.7 green:2.4,
NQ Studio/raw footage/2026-09-04/2026-09-04 00-12-11 matte black wheel work.mov,26,52.0,1080,1920,vertical,9.3,97.9,230.5,30.44,9.6,orange:11.0,
NQ Studio/raw footage/2026-09-04/2026-09-04 00-12-11 matte black wheel work.mov,27,54.0,1080,1920,vertical,10.0,98.4,214.8,11.7,8.0,orange:10.9,
NQ Studio/raw footage/2026-09-04/2026-09-04 00-12-11 matte black wheel work.mov,28,56.0,1080,1920,vertical,8.2,127.1,251.9,17.61,6.6,orange:11.9,
NQ Studio/raw footage/2026-09-04/2026-09-04 00-12-11 matte black wheel work.mov,29,58.0,1080,1920,vertical,8.5,117.2,192.4,22.96,8.5,orange:11.5 red:2.7,
NQ Studio/raw footage/2026-09-04/2026-09-04 00-12-11 matte black wheel work.mov,30,60.0,1080,1920,vertical,9.6,117.0,210.3,18.86,6.2,orange:9.2 green:3.5 red:2.8,
NQ Studio/raw footage/2026-09-04/2026-09-04 00-12-11 matte black wheel work.mov,31,62.0,1080,1920,vertical,9.9,120.1,219.3,8.25,4.0,orange:6.8 red:2.6,
NQ Studio/raw footage/2026-09-04/2026-09-04 00-12-11 matte black wheel work.mov,32,64.0,1080,1920,vertical,9.9,117.9,219.3,3.5,3.6,orange:6.3 red:2.5,
NQ Studio/raw footage/2026-09-04/2026-09-04 00-12-11 matte black wheel work.mov,33,66.0,1080,1920,vertical,10.1,103.7,210.5,6.38,4.2,orange:7.4 red:2.5,
NQ Studio/raw footage/2026-09-04/2026-09-04 00-12-11 matte black wheel work.mov,34,68.0,1080,1920,vertical,9.8,105.6,210.0,2.92,5.2,orange:8.9 red:2.6,
NQ Studio/raw footage/2026-09-04/2026-09-04 00-12-11 matte black wheel work.mov,35,70.0,1080,1920,vertical,9.3,104.8,202.0,5.52,4.1,orange:7.6 red:3.7,
NQ Studio/raw footage/2026-09-04/2026-09-04 00-12-11 matte black wheel work.mov,36,72.0,1080,1920,vertical,8.7,101.7,197.2,7.58,4.0,orange:6.1 red:5.7,
NQ Studio/raw footage/2026-09-04/2026-09-04 00-12-11 matte black wheel work.mov,37,74.0,1080,1920,vertical,9.1,117.9,208.9,8.78,3.1,red:5.5 orange:5.5,
NQ Studio/raw footage/2026-09-04/2026-09-04 00-12-11 matte black wheel work.mov,38,76.0,1080,1920,vertical,9.2,113.5,202.4,8.73,9.7,orange:15.3 red:2.5,
NQ Studio/raw footage/2026-09-04/2026-09-04 00-12-11 matte black wheel work.mov,39,78.0,1080,1920,vertical,9.3,107.5,199.8,10.26,5.3,orange:9.5,
NQ Studio/raw footage/2026-09-04/2026-09-04 00-12-11 matte black wheel work.mov,40,80.0,1080,1920,vertical,9.0,109.2,200.2,4.71,5.7,orange:9.8,
NQ Studio/raw footage/2026-09-04/2026-09-04 00-12-11 matte black wheel work.mov,41,82.0,1080,1920,vertical,9.2,106.6,200.1,3.26,6.6,orange:12.0,
NQ Studio/raw footage/2026-09-04/2026-09-04 00-12-11 matte black wheel work.mov,42,84.0,1080,1920,vertical,10.1,107.1,208.6,8.81,4.1,orange:8.5,
NQ Studio/raw footage/2026-09-04/2026-09-04 00-12-11 matte black wheel work.mov,43,86.0,1080,1920,vertical,9.2,104.1,200.2,9.91,15.2,orange:20.2 red:3.0,
NQ Studio/raw footage/2026-09-04/2026-09-04 00-12-11 matte black wheel work.mov,44,88.0,1080,1920,vertical,9.1,109.4,199.5,11.17,10.7,orange:16.2,
NQ Studio/raw footage/2026-09-04/2026-09-04 00-12-11 matte black wheel work.mov,45,90.0,1080,1920,vertical,9.2,108.3,199.3,3.84,10.9,orange:15.9,
NQ Studio/raw footage/2026-09-04/2026-09-04 00-12-11 matte black wheel work.mov,46,92.0,1080,1920,vertical,9.2,108.7,200.9,5.84,8.7,orange:11.2 red:4.0,
NQ Studio/raw footage/2026-09-04/2026-09-04 00-12-11 matte black wheel work.mov,47,94.0,1080,1920,vertical,9.1,109.0,200.5,5.0,9.9,orange:13.9 red:4.2,
NQ Studio/raw footage/2026-09-04/2026-09-04 00-12-11 matte black wheel work.mov,48,96.0,1080,1920,vertical,9.4,102.2,200.9,8.7,12.0,orange:16.9,
NQ Studio/raw footage/2026-09-04/2026-09-04 00-12-11 matte black wheel work.mov,49,98.0,1080,1920,vertical,8.9,118.8,210.6,12.45,8.5,orange:12.4,
NQ Studio/raw footage/2026-09-04/2026-09-04 00-12-11 matte black wheel work.mov,50,100.0,1080,1920,vertical,8.9,111.0,205.2,10.91,4.3,orange:9.0,
NQ Studio/raw footage/2026-09-04/2026-09-04 00-12-11 matte black wheel work.mov,51,102.0,1080,1920,vertical,8.6,108.5,205.1,2.17,3.8,orange:8.4,
NQ Studio/raw footage/2026-09-04/2026-09-04 00-12-11 matte black wheel work.mov,52,104.0,1080,1920,vertical,8.5,109.5,203.9,2.01,4.8,orange:10.2,
NQ Studio/raw footage/2026-09-04/2026-09-04 00-12-11 matte black wheel work.mov,53,106.0,1080,1920,vertical,8.6,109.1,204.1,1.0,4.7,orange:10.3,
NQ Studio/raw footage/2026-09-04/2026-09-04 00-12-11 matte black wheel work.mov,54,108.0,1080,1920,vertical,8.7,108.8,205.2,1.29,4.2,orange:9.2,
NQ Studio/raw footage/2026-09-04/2026-09-04 00-12-11 matte black wheel work.mov,55,110.0,1080,1920,vertical,8.7,118.6,210.1,4.75,4.3,orange:9.6,
NQ Studio/raw footage/2026-09-04/2026-09-04 00-12-11 matte black wheel work.mov,56,112.0,1080,1920,vertical,9.2,110.6,205.1,5.68,5.0,orange:9.8,
NQ Studio/raw footage/2026-09-04/2026-09-04 00-12-11 matte black wheel work.mov,57,114.0,1080,1920,vertical,8.9,104.4,202.4,3.94,5.0,orange:10.2,
NQ Studio/raw footage/2026-09-04/2026-09-04 00-12-11 matte black wheel work.mov,58,116.0,1080,1920,vertical,8.7,105.0,202.0,2.1,5.2,orange:10.7,
NQ Studio/raw footage/2026-09-04/2026-09-04 00-12-11 matte black wheel work.mov,59,118.0,1080,1920,vertical,8.6,122.9,213.1,7.44,3.6,orange:8.6,
NQ Studio/raw footage/2026-09-04/2026-09-04 00-12-11 matte black wheel work.mov,60,120.0,1080,1920,vertical,8.8,114.3,210.5,3.98,3.9,orange:9.0,
NQ Studio/raw footage/2026-09-04/2026-09-04 00-12-11 matte black wheel work.mov,61,122.0,1080,1920,vertical,8.7,107.0,204.5,3.7,5.2,orange:10.4,
NQ Studio/raw footage/2026-09-04/2026-09-04 00-12-11 matte black wheel work.mov,62,124.0,1080,1920,vertical,8.7,108.5,205.0,1.71,4.7,orange:9.8,
NQ Studio/raw footage/2026-09-04/2026-09-04 00-12-11 matte black wheel work.mov,63,126.0,1080,1920,vertical,8.7,115.6,209.0,3.2,4.5,orange:9.6,
NQ Studio/raw footage/2026-09-04/2026-09-04 00-12-11 matte black wheel work.mov,64,128.0,1080,1920,vertical,8.6,125.2,215.2,3.9,3.8,orange:8.7,
NQ Studio/raw footage/2026-09-04/2026-09-04 00-12-11 matte black wheel work.mov,65,130.0,1080,1920,vertical,8.8,108.7,205.9,6.75,5.3,orange:10.8,
NQ Studio/raw footage/2026-09-04/2026-09-04 00-12-11 matte black wheel work.mov,66,132.0,1080,1920,vertical,8.7,120.8,216.1,9.11,2.3,orange:5.9,
NQ Studio/raw footage/2026-09-04/2026-09-04 00-12-11 matte black wheel work.mov,67,134.0,1080,1920,vertical,9.4,110.8,208.9,11.26,12.5,orange:17.3,
NQ Studio/raw footage/2026-09-04/2026-09-04 00-12-11 matte black wheel work.mov,68,136.0,1080,1920,vertical,9.5,108.7,203.5,5.28,12.0,orange:17.8,
NQ Studio/raw footage/2026-09-04/2026-09-04 00-12-11 matte black wheel work.mov,69,138.0,1080,1920,vertical,9.3,108.8,203.9,1.54,11.4,orange:17.5,
NQ Studio/raw footage/2026-09-04/2026-09-04 00-12-11 matte black wheel work.mov,70,140.0,1080,1920,vertical,9.3,109.1,204.5,0.81,11.9,orange:17.9,
NQ Studio/raw footage/2026-09-04/2026-09-04 00-12-11 matte black wheel work.mov,71,142.0,1080,1920,vertical,9.3,109.2,204.5,0.4,11.8,orange:18.0,
NQ Studio/raw footage/2026-09-04/2026-09-04 00-12-11 matte black wheel work.mov,72,144.0,1080,1920,vertical,9.4,100.3,191.5,7.75,9.5,orange:15.8,
NQ Studio/raw footage/2026-09-04/2026-09-04 00-12-11 matte black wheel work.mov,73,146.0,1080,1920,vertical,7.9,84.8,158.1,13.38,25.8,orange:28.0,
NQ Studio/raw footage/2026-09-04/2026-09-04 00-12-11 matte black wheel work.mov,74,148.0,1080,1920,vertical,10.0,102.4,192.4,16.5,9.6,orange:16.2,
NQ Studio/raw footage/2026-09-04/2026-09-04 00-12-11 matte black wheel work.mov,75,150.0,1080,1920,vertical,8.3,116.8,207.8,14.86,8.5,orange:12.7,
NQ Studio/raw footage/2026-09-04/2026-09-04 00-12-11 matte black wheel work.mov,76,152.0,1080,1920,vertical,8.6,109.7,202.4,8.12,7.8,orange:11.8,
NQ Studio/raw footage/2026-09-04/2026-09-04 00-12-11 matte black wheel work.mov,77,154.0,1080,1920,vertical,8.6,112.7,199.8,7.66,8.0,orange:12.4,
NQ Studio/raw footage/2026-09-04/2026-09-04 00-12-11 matte black wheel work.mov,78,156.0,1080,1920,vertical,9.3,106.9,205.2,12.2,9.9,orange:14.8,
NQ Studio/raw footage/2026-09-04/2026-09-04 00-12-11 matte black wheel work.mov,79,158.0,1080,1920,vertical,9.3,104.8,208.9,9.02,9.8,orange:14.7,
NQ Studio/raw footage/2026-09-04/2026-09-04 00-12-11 matte black wheel work.mov,80,160.0,1080,1920,vertical,9.3,106.6,208.0,5.96,13.8,orange:20.3,
NQ Studio/raw footage/2026-09-04/2026-09-04 00-12-11 matte black wheel work.mov,81,162.0,1080,1920,vertical,9.3,99.9,202.6,9.66,11.8,orange:18.7,
NQ Studio/raw footage/2026-09-04/2026-09-04 00-12-11 matte black wheel work.mov,82,164.0,1080,1920,vertical,9.9,100.0,204.5,9.91,12.3,orange:16.8,
NQ Studio/raw footage/2026-09-04/2026-09-04 00-12-11 matte black wheel work.mov,83,166.0,1080,1920,vertical,9.8,100.7,203.2,4.74,14.8,orange:19.1,
NQ Studio/raw footage/2026-09-04/2026-09-04 00-12-11 matte black wheel work.mov,84,168.0,1080,1920,vertical,9.5,101.9,197.6,4.36,16.2,orange:20.8,
NQ Studio/raw footage/2026-09-04/2026-09-04 00-12-11 matte black wheel work.mov,85,170.0,1080,1920,vertical,9.4,103.5,197.6,2.36,17.6,orange:22.7,
NQ Studio/raw footage/2026-09-04/2026-09-04 00-12-11 matte black wheel work.mov,86,172.0,1080,1920,vertical,9.5,102.7,197.9,2.4,17.3,orange:21.8,
NQ Studio/raw footage/2026-09-04/2026-09-04 00-12-11 matte black wheel work.mov,87,174.0,1080,1920,vertical,9.7,104.0,202.8,5.21,13.8,orange:20.1,
NQ Studio/raw footage/2026-09-04/2026-09-04 00-12-11 matte black wheel work.mov,88,176.0,1080,1920,vertical,9.8,106.3,202.7,5.91,12.1,orange:16.4,
NQ Studio/raw footage/2026-09-04/2026-09-04 00-12-11 matte black wheel work.mov,89,178.0,1080,1920,vertical,9.9,106.1,202.7,2.7,12.1,orange:16.8,
NQ Studio/raw footage/2026-09-04/2026-09-04 00-12-11 matte black wheel work.mov,90,180.0,1080,1920,vertical,9.8,106.6,201.5,10.13,17.6,orange:23.3,
NQ Studio/raw footage/2026-09-04/2026-09-04 00-12-11 matte black wheel work.mov,91,182.0,1080,1920,vertical,9.6,113.4,209.7,10.9,15.0,orange:20.7,
NQ Studio/raw footage/2026-09-04/2026-09-04 00-12-11 matte black wheel work.mov,92,184.0,1080,1920,vertical,8.9,115.0,207.8,9.8,12.7,orange:15.2,
NQ Studio/raw footage/2026-09-04/2026-09-04 00-12-11 matte black wheel work.mov,93,186.0,1080,1920,vertical,9.6,120.4,219.7,8.33,7.7,orange:12.9,
NQ Studio/raw footage/2026-09-04/2026-09-04 00-12-11 matte black wheel work.mov,94,188.0,1080,1920,vertical,9.8,112.2,212.8,6.57,11.4,orange:15.0,
NQ Studio/raw footage/2026-09-04/2026-09-04 00-12-11 matte black wheel work.mov,95,190.0,1080,1920,vertical,9.2,114.6,209.3,7.68,8.1,orange:13.4,
NQ Studio/raw footage/2026-09-04/2026-09-04 00-12-11 matte black wheel work.mov,96,192.0,1080,1920,vertical,9.2,116.3,207.1,4.89,9.3,orange:14.5,
NQ Studio/raw footage/2026-09-04/2026-09-04 00-12-11 matte black wheel work.mov,97,194.0,1080,1920,vertical,9.1,116.5,206.4,1.77,9.7,orange:15.1,
NQ Studio/raw footage/2026-09-04/2026-09-04 00-12-11 matte black wheel work.mov,98,196.0,1080,1920,vertical,8.9,115.1,205.7,1.5,9.1,orange:14.4,
NQ Studio/raw footage/2026-09-04/2026-09-04 00-12-11 matte black wheel work.mov,99,198.0,1080,1920,vertical,9.0,114.2,205.1,1.61,9.3,orange:14.3,
NQ Studio/raw footage/2026-09-04/2026-09-04 00-12-11 matte black wheel work.mov,100,200.0,1080,1920,vertical,8.9,114.0,205.2,1.03,8.5,orange:13.9,
NQ Studio/raw footage/2026-09-04/2026-09-04 00-12-11 matte black wheel work.mov,101,202.0,1080,1920,vertical,8.8,113.6,205.0,2.44,7.7,orange:12.6,
NQ Studio/raw footage/2026-09-04/2026-09-04 00-12-11 matte black wheel work.mov,102,204.0,1080,1920,vertical,9.1,110.1,203.6,4.73,10.1,orange:16.1,
NQ Studio/raw footage/2026-09-04/2026-09-04 00-12-11 matte black wheel work.mov,103,206.0,1080,1920,vertical,9.3,116.4,204.9,4.91,11.0,orange:16.9,
NQ Studio/raw footage/2026-09-04/2026-09-04 00-12-11 matte black wheel work.mov,104,208.0,1080,1920,vertical,9.2,114.5,205.3,2.26,9.6,orange:15.2,
NQ Studio/raw footage/2026-09-04/2026-09-04 00-12-11 matte black wheel work.mov,105,210.0,1080,1920,vertical,6.8,109.9,183.0,13.18,27.7,orange:35.4,
NQ Studio/raw footage/2026-09-04/2026-09-04 00-12-11 matte black wheel work.mov,106,212.0,1080,1920,vertical,9.0,112.8,197.1,19.18,23.9,orange:36.4,
NQ Studio/raw footage/2026-09-04/2026-09-04 00-12-11 matte black wheel work.mov,107,214.0,1080,1920,vertical,8.8,124.1,213.5,21.16,3.4,orange:7.0,
NQ Studio/raw footage/2026-09-04/2026-09-04 00-12-11 matte black wheel work.mov,108,216.0,1080,1920,vertical,8.6,123.3,214.7,2.19,1.9,orange:4.9,
NQ Studio/raw footage/2026-09-04/2026-09-04 00-12-11 matte black wheel work.mov,109,218.0,1080,1920,vertical,8.0,102.7,193.7,15.23,1.5,orange:4.7,
NQ Studio/raw footage/2026-09-04/2026-09-04 00-12-11 matte black wheel work.mov,110,220.0,1080,1920,vertical,6.4,129.0,200.6,23.93,29.2,orange:31.2,
NQ Studio/raw footage/2026-09-04/2026-09-04 00-12-11 matte black wheel work.mov,111,222.0,1080,1920,vertical,8.9,104.3,189.0,17.86,15.4,orange:17.9,
NQ Studio/raw footage/2026-09-04/2026-09-04 00-12-11 matte black wheel work.mov,112,224.0,1080,1920,vertical,9.1,87.8,178.1,9.55,9.6,orange:11.9,
NQ Studio/raw footage/2026-09-04/2026-09-04 00-12-11 matte black wheel work.mov,113,226.0,1080,1920,vertical,9.1,93.2,179.7,6.54,6.9,orange:9.5,
NQ Studio/raw footage/2026-09-04/2026-09-04 00-12-11 matte black wheel work.mov,114,228.0,1080,1920,vertical,10.0,102.4,187.4,8.22,3.3,orange:5.4,
NQ Studio/raw footage/2026-09-04/2026-09-04 00-12-11 matte black wheel work.mov,115,230.0,1080,1920,vertical,9.7,107.9,185.3,5.1,5.1,orange:7.1,
NQ Studio/raw footage/2026-09-04/2026-09-04 00-12-11 matte black wheel work.mov,116,232.0,1080,1920,vertical,9.7,105.9,183.4,4.04,5.4,orange:7.3,
NQ Studio/raw footage/2026-09-04/2026-09-04 00-12-11 matte black wheel work.mov,117,234.0,1080,1920,vertical,9.5,108.4,187.3,2.42,5.3,orange:7.2,
NQ Studio/raw footage/2026-09-04/2026-09-04 00-12-11 matte black wheel work.mov,118,236.0,1080,1920,vertical,9.3,109.8,189.8,2.86,5.4,orange:7.3,
NQ Studio/raw footage/2026-09-04/2026-09-04 00-12-11 matte black wheel work.mov,119,238.0,1080,1920,vertical,9.4,109.9,191.3,2.68,4.7,orange:6.9,
NQ Studio/raw footage/2026-09-04/2026-09-04 00-12-11 matte black wheel work.mov,120,240.0,1080,1920,vertical,9.4,108.1,187.3,4.97,4.7,orange:7.0,
NQ Studio/raw footage/2026-09-04/2026-09-04 00-12-11 matte black wheel work.mov,121,242.0,1080,1920,vertical,9.4,110.9,187.9,3.96,4.4,orange:6.5,
NQ Studio/raw footage/2026-09-04/2026-09-04 00-12-11 matte black wheel work.mov,122,244.0,1080,1920,vertical,9.3,110.9,188.0,1.45,4.6,orange:6.7,
NQ Studio/raw footage/2026-09-04/2026-09-04 00-12-11 matte black wheel work.mov,123,246.0,1080,1920,vertical,9.2,111.6,189.5,1.11,4.5,orange:6.7,
NQ Studio/raw footage/2026-09-04/2026-09-04 00-12-11 matte black wheel work.mov,124,248.0,1080,1920,vertical,9.1,112.1,191.6,1.17,4.4,orange:6.6,
NQ Studio/raw footage/2026-09-04/2026-09-04 00-12-11 matte black wheel work.mov,125,250.0,1080,1920,vertical,9.1,111.6,192.3,0.9,4.7,orange:6.9,
NQ Studio/raw footage/2026-09-04/2026-09-04 00-12-11 matte black wheel work.mov,126,252.0,1080,1920,vertical,9.1,111.6,192.4,0.48,4.8,orange:7.0,
NQ Studio/raw footage/2026-09-04/2026-09-04 00-12-11 matte black wheel work.mov,127,254.0,1080,1920,vertical,9.2,111.4,191.9,0.57,4.7,orange:6.8,
NQ Studio/raw footage/2026-09-04/2026-09-04 00-12-11 matte black wheel work.mov,128,256.0,1080,1920,vertical,9.4,110.4,191.3,0.97,4.7,orange:6.9,
NQ Studio/raw footage/2026-09-04/2026-09-04 00-12-11 matte black wheel work.mov,129,258.0,1080,1920,vertical,9.1,111.8,194.0,0.86,4.5,orange:6.8,
NQ Studio/raw footage/2026-09-04/2026-09-04 00-12-11 matte black wheel work.mov,130,260.0,1080,1920,vertical,9.1,112.1,194.4,0.21,5.0,orange:7.4,
NQ Studio/raw footage/2026-09-04/2026-09-04 00-12-11 matte black wheel work.mov,131,262.0,1080,1920,vertical,9.1,112.1,194.5,0.21,5.0,orange:7.3,
NQ Studio/raw footage/2026-09-04/2026-09-04 00-12-11 matte black wheel work.mov,132,264.0,1080,1920,vertical,9.1,111.6,194.5,0.26,5.0,orange:7.3,
NQ Studio/raw footage/2026-09-04/2026-09-04 00-12-11 matte black wheel work.mov,133,266.0,1080,1920,vertical,9.1,111.4,194.1,0.26,4.5,orange:6.7,
NQ Studio/raw footage/2026-09-04/2026-09-04 00-12-11 matte black wheel work.mov,134,268.0,1080,1920,vertical,9.1,111.0,194.1,0.24,5.0,orange:7.4,
NQ Studio/raw footage/2026-09-04/2026-09-04 00-12-11 matte black wheel work.mov,135,270.0,1080,1920,vertical,9.0,111.6,194.1,2.39,5.1,orange:8.0,
NQ Studio/raw footage/2026-09-04/2026-09-04 00-12-11 matte black wheel work.mov,136,272.0,1080,1920,vertical,8.7,103.3,184.4,7.06,6.2,orange:8.6 red:2.1,
NQ Studio/raw footage/2026-09-04/2026-09-04 00-12-11 matte black wheel work.mov,137,274.0,1080,1920,vertical,8.8,103.0,183.9,2.33,5.6,orange:8.1,
NQ Studio/raw footage/2026-09-04/2026-09-04 00-12-11 matte black wheel work.mov,138,276.0,1080,1920,vertical,9.0,99.1,183.7,1.54,5.5,orange:8.0,
NQ Studio/raw footage/2026-09-04/2026-09-04 00-12-11 matte black wheel work.mov,139,278.0,1080,1920,vertical,9.1,95.9,182.8,1.24,5.6,orange:8.2,
NQ Studio/raw footage/2026-09-04/2026-09-04 00-12-11 matte black wheel work.mov,140,280.0,1080,1920,vertical,9.1,95.3,182.0,0.31,5.5,orange:8.2,
NQ Studio/raw footage/2026-09-04/2026-09-04 00-12-11 matte black wheel work.mov,141,282.0,1080,1920,vertical,9.1,95.0,181.7,0.26,5.5,orange:8.1,
NQ Studio/raw footage/2026-09-04/2026-09-04 00-12-11 matte black wheel work.mov,142,284.0,1080,1920,vertical,9.2,93.9,180.7,0.52,5.5,orange:8.1,
NQ Studio/raw footage/2026-09-04/2026-09-04 00-12-11 matte black wheel work.mov,143,286.0,1080,1920,vertical,9.2,93.9,181.0,0.28,5.4,orange:7.9,
NQ Studio/raw footage/2026-09-04/2026-09-04 00-12-11 matte black wheel work.mov,144,288.0,1080,1920,vertical,9.4,94.1,181.7,0.45,5.3,orange:7.8,
NQ Studio/raw footage/2026-09-04/2026-09-04 00-12-11 matte black wheel work.mov,145,290.0,1080,1920,vertical,9.5,92.8,178.7,1.66,5.1,orange:7.3,
NQ Studio/raw footage/2026-09-04/2026-09-04 00-12-11 matte black wheel work.mov,146,292.0,1080,1920,vertical,9.1,97.0,182.4,1.88,5.2,orange:7.7,
NQ Studio/raw footage/2026-09-04/2026-09-04 00-12-11 matte black wheel work.mov,147,294.0,1080,1920,vertical,9.1,96.4,181.8,0.28,5.1,orange:7.6,
NQ Studio/raw footage/2026-09-04/2026-09-04 00-12-11 matte black wheel work.mov,148,296.0,1080,1920,vertical,9.1,96.3,181.7,0.23,5.1,orange:7.6,
NQ Studio/raw footage/2026-09-04/2026-09-04 00-12-11 matte black wheel work.mov,149,298.0,1080,1920,vertical,9.0,96.3,181.8,0.16,5.1,orange:7.6,
NQ Studio/raw footage/2026-09-04/2026-09-04 00-12-11 matte black wheel work.mov,150,300.0,1080,1920,vertical,9.0,96.3,181.7,0.2,5.2,orange:7.7,
NQ Studio/raw footage/2026-09-04/2026-09-04 00-12-11 matte black wheel work.mov,151,302.0,1080,1920,vertical,9.1,96.4,181.7,0.19,5.1,orange:7.7,
NQ Studio/raw footage/2026-09-04/2026-09-04 00-12-11 matte black wheel work.mov,152,304.0,1080,1920,vertical,9.1,96.5,182.1,0.25,5.1,orange:7.6,
NQ Studio/raw footage/2026-09-04/2026-09-04 00-12-11 matte black wheel work.mov,153,306.0,1080,1920,vertical,9.1,96.5,182.2,0.17,5.1,orange:7.6,
NQ Studio/raw footage/2026-09-04/2026-09-04 00-12-11 matte black wheel work.mov,154,308.0,1080,1920,vertical,9.0,96.4,182.1,0.19,5.1,orange:7.6,
NQ Studio/raw footage/2026-09-04/2026-09-04 00-12-11 matte black wheel work.mov,155,310.0,1080,1920,vertical,9.0,96.5,182.2,0.16,5.1,orange:7.6,
NQ Studio/raw footage/2026-09-04/2026-09-04 00-12-11 matte black wheel work.mov,156,312.0,1080,1920,vertical,9.0,96.4,182.0,0.15,5.1,orange:7.6,
NQ Studio/raw footage/2026-09-04/2026-09-04 00-12-11 matte black wheel work.mov,157,314.0,1080,1920,vertical,9.0,96.4,182.0,0.17,5.1,orange:7.6,
NQ Studio/raw footage/2026-09-04/2026-09-04 00-12-11 matte black wheel work.mov,158,316.0,1080,1920,vertical,9.0,96.4,182.1,0.14,5.0,orange:7.6,
NQ Studio/raw footage/2026-09-04/2026-09-04 00-12-11 matte black wheel work.mov,159,318.0,1080,1920,vertical,9.0,96.5,182.0,0.16,5.1,orange:7.7,
NQ Studio/raw footage/2026-09-04/2026-09-04 00-12-11 matte black wheel work.mov,160,320.0,1080,1920,vertical,9.0,96.4,181.9,0.19,5.1,orange:7.6,
NQ Studio/raw footage/2026-09-04/2026-09-04 00-12-11 matte black wheel work.mov,161,322.0,1080,1920,vertical,9.0,96.4,181.8,0.2,5.2,orange:7.7,
NQ Studio/raw footage/2026-09-04/2026-09-04 00-12-11 matte black wheel work.mov,162,324.0,1080,1920,vertical,9.1,96.5,181.9,0.19,5.1,orange:7.6,
NQ Studio/raw footage/2026-09-04/2026-09-04 00-12-11 matte black wheel work.mov,163,326.0,1080,1920,vertical,9.0,96.5,182.0,0.17,5.1,orange:7.6,
NQ Studio/raw footage/2026-09-04/2026-09-04 00-12-11 matte black wheel work.mov,164,328.0,1080,1920,vertical,9.0,96.4,181.7,0.18,5.2,orange:7.7,
NQ Studio/raw footage/2026-09-04/2026-09-04 00-12-11 matte black wheel work.mov,165,330.0,1080,1920,vertical,9.0,96.5,181.7,0.18,5.1,orange:7.6,
NQ Studio/raw footage/2026-09-04/2026-09-04 00-12-11 matte black wheel work.mov,166,332.0,1080,1920,vertical,10.1,96.2,187.3,6.73,10.3,orange:12.8,
NQ Studio/raw footage/2026-09-04/2026-09-04 00-12-11 matte black wheel work.mov,167,334.0,1080,1920,vertical,8.3,78.6,182.2,20.4,8.1,orange:13.3,
NQ Studio/raw footage/2026-09-04/2026-09-04 00-12-11 matte black wheel work.mov,168,336.0,1080,1920,vertical,9.1,95.1,172.1,16.9,2.6,orange:7.9 blue:6.2,
NQ Studio/raw footage/2026-09-04/2026-09-04 00-12-11 matte black wheel work.mov,169,338.0,1080,1920,vertical,7.9,104.2,188.4,15.81,6.0,orange:8.1 blue:2.8,
NQ Studio/raw footage/2026-09-04/2026-09-04 00-12-11 matte black wheel work.mov,170,340.0,1080,1920,vertical,7.5,83.2,152.7,13.62,4.5,orange:6.4 blue:3.5,
NQ Studio/raw footage/2026-09-04/2026-09-04 00-12-11 matte black wheel work.mov,171,342.0,1080,1920,vertical,9.9,102.5,172.4,14.97,2.9,orange:5.2 blue:3.4,
NQ Studio/raw footage/2026-09-04/2026-09-04 00-12-11 matte black wheel work.mov,172,344.0,1080,1920,vertical,8.0,93.5,189.2,14.14,2.2,blue:31.9 orange:3.0,
NQ Studio/raw footage/2026-09-04/2026-09-04 00-12-11 matte black wheel work.mov,173,346.0,1080,1920,vertical,10.4,117.4,186.4,16.32,8.1,blue:32.9 orange:25.2,
NQ Studio/raw footage/2026-09-04/2026-09-04 00-12-11 matte black wheel work.mov,174,348.0,1080,1920,vertical,10.8,96.8,185.2,18.47,14.8,blue:37.2 orange:27.9,
NQ Studio/raw footage/2026-09-04/2026-09-04 00-12-11 matte black wheel work.mov,175,350.0,1080,1920,vertical,8.1,104.6,178.9,16.73,6.9,blue:31.6 orange:14.6,
NQ Studio/raw footage/2026-09-04/2026-09-04 00-12-11 matte black wheel work.mov,176,352.0,1080,1920,vertical,6.4,99.3,184.9,12.29,1.3,blue:19.9 orange:3.8,
NQ Studio/raw footage/2026-09-04/2026-09-04 00-12-11 matte black wheel work.mov,177,354.0,1080,1920,vertical,9.5,98.0,182.6,15.61,5.8,orange:23.4,
NQ Studio/raw footage/2026-09-04/2026-09-04 00-12-11 matte black wheel work.mov,178,356.0,1080,1920,vertical,7.5,116.0,252.0,22.84,3.7,blue:39.0 orange:3.9,
NQ Studio/raw footage/2026-09-04/2026-09-04 00-12-11 matte black wheel work.mov,179,358.0,1080,1920,vertical,6.5,99.3,211.0,12.41,1.6,orange:19.7 blue:6.8 yellow:5.8,
NQ Studio/raw footage/2026-09-04/2026-09-04 00-12-11 matte black wheel work.mov,180,360.0,1080,1920,vertical,7.4,97.1,158.0,15.45,6.1,orange:8.0,
NQ Studio/raw footage/2026-09-04/2026-09-04 00-12-11 matte black wheel work.mov,181,362.0,1080,1920,vertical,8.7,101.9,172.2,12.2,5.0,orange:12.6 yellow:2.3,
NQ Studio/raw footage/2026-09-04/2026-09-04 00-12-11 matte black wheel work.mov,182,364.0,1080,1920,vertical,7.8,96.4,172.7,17.24,14.0,orange:23.0,
NQ Studio/raw footage/2026-09-04/2026-09-04 00-12-11 matte black wheel work.mov,183,366.0,1080,1920,vertical,8.0,104.3,190.0,14.65,6.9,orange:13.9,
NQ Studio/raw footage/2026-09-04/2026-09-04 00-12-11 matte black wheel work.mov,184,368.0,1080,1920,vertical,7.8,111.3,245.1,12.35,6.9,orange:13.0,
NQ Studio/raw footage/2026-09-04/2026-09-04 00-12-11 matte black wheel work.mov,185,370.0,1080,1920,vertical,10.6,104.5,235.5,12.3,10.4,orange:18.1,
NQ Studio/raw footage/2026-09-04/2026-09-04 00-12-11 matte black wheel work.mov,186,372.0,1080,1920,vertical,10.8,108.8,222.7,14.19,12.5,orange:19.8 yellow:8.7,
NQ Studio/raw footage/2026-09-04/2026-09-04 00-12-11 matte black wheel work.mov,187,374.0,1080,1920,vertical,8.9,109.5,248.2,16.59,9.9,orange:15.0 yellow:6.2,
NQ Studio/raw footage/2026-09-04/2026-09-04 00-12-11 matte black wheel work.mov,188,376.0,1080,1920,vertical,0.7,36.7,100.2,34.1,21.9,orange:23.3 yellow:18.0,
"Mobile Uploads/2026-09-17/Video Sep 17 2026, 12 15 27 PM.mov",1,2.0,1080,1920,vertical,16.3,89.2,198.7,0.0,8.9,blue:20.9 orange:11.4 yellow:9.6,
"Mobile Uploads/2026-09-17/Video Sep 17 2026, 12 15 27 PM.mov",2,4.0,1080,1920,vertical,16.9,78.1,187.8,19.23,4.0,blue:28.4 orange:5.5 yellow:5.0,
"Mobile Uploads/2026-09-17/Video Sep 17 2026, 12 15 27 PM.mov",3,6.0,1080,1920,vertical,16.1,79.4,204.5,19.43,7.2,blue:32.7 orange:11.1 green:4.5 yellow:4.2 teal:3.8,
"Mobile Uploads/2026-09-17/Video Sep 17 2026, 12 15 27 PM.mov",4,8.0,1080,1920,vertical,13.7,85.9,229.3,18.45,4.2,blue:24.3 green:7.8 orange:5.6 teal:5.3 yellow:4.9,
"Mobile Uploads/2026-09-17/Video Sep 17 2026, 12 15 27 PM.mov",5,10.0,1080,1920,vertical,15.8,75.1,216.4,18.08,4.8,blue:29.3 orange:5.7 yellow:4.3 green:4.0 teal:2.7,
"Mobile Uploads/2026-09-17/Video Sep 17 2026, 12 15 27 PM.mov",6,12.0,1080,1920,vertical,15.3,73.9,189.7,18.46,2.4,blue:30.6 orange:3.7 yellow:3.2 red:2.8,
"Mobile Uploads/2026-09-17/Video Sep 17 2026, 12 15 27 PM.mov",7,14.0,1080,1920,vertical,15.7,82.9,200.0,17.17,2.7,blue:20.3 yellow:5.6 orange:4.1 red:2.5,
"Mobile Uploads/2026-09-17/Video Sep 17 2026, 3 30 18 PM.mov",1,2.0,1920,1080,landscape,14.0,151.0,220.0,0.0,0.1,blue:27.6 teal:4.5,
"Mobile Uploads/2026-09-17/Video Sep 17 2026, 3 30 18 PM.mov",2,4.0,1920,1080,landscape,14.8,151.7,221.2,11.56,0.4,blue:29.2 teal:4.9,
"Mobile Uploads/2026-09-17/Video Sep 17 2026, 3 30 18 PM.mov",3,6.0,1920,1080,landscape,16.1,150.5,221.4,16.28,0.8,blue:16.8 teal:8.5,
"Mobile Uploads/2026-09-17/Video Sep 17 2026, 3 30 18 PM.mov",4,8.0,1920,1080,landscape,16.5,159.9,224.2,20.92,1.3,teal:15.9 blue:10.3 green:8.0,
"Mobile Uploads/2026-09-17/Video Sep 17 2026, 3 30 18 PM.mov",5,10.0,1920,1080,landscape,16.0,163.0,228.6,20.39,0.8,teal:24.7 green:8.0 blue:7.0,
"Mobile Uploads/2026-09-17/Video Sep 17 2026, 3 30 18 PM.mov",6,12.0,1920,1080,landscape,15.3,156.5,222.1,26.15,0.2,teal:8.5 blue:6.9 green:3.1,
"Mobile Uploads/2026-09-17/Video Sep 17 2026, 3 30 18 PM.mov",7,14.0,1920,1080,landscape,15.6,114.7,213.0,23.98,7.4,orange:10.6 red:3.9 teal:3.5 pink:2.8 blue:2.8,
"Mobile Uploads/2026-09-17/Video Sep 17 2026, 3 30 18 PM.mov",8,16.0,1920,1080,landscape,16.7,124.9,205.3,15.82,15.5,orange:19.7 yellow:9.0 red:5.9 green:2.3 pink:2.1,
"Mobile Uploads/2026-09-17/Video Sep 17 2026, 3 30 18 PM.mov",9,18.0,1920,1080,landscape,16.0,133.6,209.1,20.01,8.5,green:29.6 yellow:16.8 orange:7.0 red:5.5 teal:4.3,
"Mobile Uploads/2026-09-17/Video Sep 17 2026, 3 30 18 PM.mov",10,20.0,1920,1080,landscape,15.9,126.3,233.7,26.22,4.6,blue:19.8 yellow:8.4 orange:4.6 teal:4.6 green:2.1,
"Mobile Uploads/2026-09-17/Video Sep 17 2026, 3 30 18 PM.mov",11,22.0,1920,1080,landscape,16.5,104.4,231.5,27.57,1.4,blue:16.7 teal:14.2 yellow:2.0,
"Mobile Uploads/2026-09-17/Video Sep 17 2026, 3 38 54 PM.mp4",1,2.0,1080,1920,vertical,12.0,150.6,220.2,0.0,0.2,blue:26.2 teal:3.7,
"Mobile Uploads/2026-09-17/Video Sep 17 2026, 3 38 54 PM.mp4",2,4.0,1080,1920,vertical,13.2,151.3,222.0,12.4,0.4,blue:28.7 teal:4.4,
"Mobile Uploads/2026-09-17/Video Sep 17 2026, 3 38 54 PM.mp4",3,6.0,1080,1920,vertical,14.6,150.1,222.1,17.2,0.7,blue:16.3 teal:7.9,
"Mobile Uploads/2026-09-17/Video Sep 17 2026, 3 38 54 PM.mp4",4,8.0,1080,1920,vertical,15.0,159.5,226.4,21.81,0.8,teal:15.7 blue:9.6 green:8.3,
"Mobile Uploads/2026-09-17/Video Sep 17 2026, 3 38 54 PM.mp4",5,10.0,1080,1920,vertical,13.9,162.7,229.6,21.07,0.5,teal:24.2 green:8.2 blue:6.5,
"Mobile Uploads/2026-09-17/Video Sep 17 2026, 3 38 54 PM.mp4",6,12.0,1080,1920,vertical,13.1,156.1,223.8,26.68,0.2,teal:7.3 blue:4.9 green:3.5,
"Mobile Uploads/2026-09-17/Video Sep 17 2026, 3 38 54 PM.mp4",7,14.0,1080,1920,vertical,14.6,114.4,215.1,24.99,5.8,orange:8.7 red:3.4 teal:3.1 pink:2.5 blue:2.3,
"Mobile Uploads/2026-09-17/Video Sep 17 2026, 3 38 54 PM.mp4",8,16.0,1080,1920,vertical,15.8,124.4,211.7,17.56,11.6,orange:15.8 yellow:10.3 red:5.7 green:2.8,
"Mobile Uploads/2026-09-17/Video Sep 17 2026, 3 38 54 PM.mp4",9,18.0,1080,1920,vertical,17.3,133.2,214.0,21.66,6.4,green:29.7 yellow:16.5 orange:5.8 red:5.4 teal:4.1,
"Mobile Uploads/2026-09-17/Video Sep 17 2026, 3 38 54 PM.mp4",10,20.0,1080,1920,vertical,14.5,125.9,234.5,27.51,3.9,blue:16.5 yellow:8.9 teal:4.7 orange:4.3 green:2.2,
"Mobile Uploads/2026-09-17/Video Sep 17 2026, 3 38 54 PM.mp4",11,22.0,1080,1920,vertical,14.8,104.1,231.8,28.33,1.3,blue:15.1 teal:14.0 yellow:2.4,
"Mobile Uploads/2026-09-17/Video Sep 17 2026, 4 13 12 PM.mov",1,2.0,1080,1920,vertical,16.2,65.5,231.0,0.0,4.8,red:7.5 orange:6.9 pink:3.6,
"Mobile Uploads/2026-09-17/Video Sep 17 2026, 4 13 12 PM.mov",2,4.0,1080,1920,vertical,16.7,64.1,250.5,15.15,3.0,red:8.0 pink:5.5 orange:4.7,
"Mobile Uploads/2026-09-17/Video Sep 17 2026, 4 13 12 PM.mov",3,6.0,1080,1920,vertical,17.6,66.2,253.7,15.81,3.4,pink:8.9 red:8.4 orange:5.2,
"Mobile Uploads/2026-09-17/Video Sep 17 2026, 4 16 55 PM.mov",1,2.0,1920,1080,landscape,16.6,132.1,234.5,0.0,7.9,yellow:32.2 orange:8.4 red:2.2,
"Mobile Uploads/2026-09-17/Video Sep 17 2026, 4 16 55 PM.mov",2,4.0,1920,1080,landscape,16.2,105.9,213.9,27.42,31.4,orange:29.3 red:17.6 yellow:7.9,
"Mobile Uploads/2026-09-17/Video Sep 17 2026, 4 16 55 PM.mov",3,6.0,1920,1080,landscape,21.4,107.3,238.1,28.04,4.4,orange:7.0 yellow:2.8,
"Mobile Uploads/2026-09-17/Video Sep 17 2026, 4 16 55 PM.mov",4,8.0,1920,1080,landscape,19.9,127.0,241.1,28.04,8.3,orange:12.3 yellow:2.7 blue:2.3,
"Mobile Uploads/2026-09-17/Video Sep 17 2026, 4 16 55 PM.mov",5,10.0,1920,1080,landscape,19.0,140.2,239.9,22.07,8.1,orange:10.0 yellow:3.8 blue:3.7,
"Mobile Uploads/2026-09-17/Video Sep 17 2026, 4 16 55 PM.mov",6,12.0,1920,1080,landscape,20.9,135.8,243.3,18.23,2.4,yellow:9.3 blue:8.4 orange:3.6,
"Mobile Uploads/2026-09-17/Video Sep 17 2026, 4 22 49 PM.mov",1,2.0,1080,1920,vertical,16.6,125.9,234.3,0.0,7.4,yellow:31.7 orange:7.7 red:2.1,
"Mobile Uploads/2026-09-17/Video Sep 17 2026, 4 22 49 PM.mov",2,4.0,1080,1920,vertical,16.3,101.8,218.0,26.23,27.0,orange:27.9 red:14.6 yellow:8.4,
"Mobile Uploads/2026-09-17/Video Sep 17 2026, 4 22 49 PM.mov",3,6.0,1080,1920,vertical,19.4,105.9,239.8,27.89,3.5,orange:6.5 yellow:3.0,
"Mobile Uploads/2026-09-17/Video Sep 17 2026, 4 22 49 PM.mov",4,8.0,1080,1920,vertical,20.4,119.8,241.5,26.7,7.7,orange:11.3 yellow:3.3,
"Mobile Uploads/2026-09-17/Video Sep 17 2026, 4 22 49 PM.mov",5,10.0,1080,1920,vertical,21.0,129.0,239.0,21.48,8.2,orange:9.8 yellow:4.4 blue:3.3,
"Mobile Uploads/2026-09-17/Video Sep 17 2026, 4 22 49 PM.mov",6,12.0,1080,1920,vertical,22.5,124.4,243.0,19.25,2.4,yellow:9.3 blue:7.5 orange:3.6,
"Mobile Uploads/2026-09-17/Video Sep 17 2026, 4 24 58 PM.mov",1,2.0,1080,1920,vertical,17.7,82.4,217.6,0.0,7.9,blue:27.3 orange:11.0 yellow:3.0,
"Mobile Uploads/2026-09-17/Video Sep 17 2026, 4 24 58 PM.mov",2,4.0,1080,1920,vertical,17.1,81.0,215.8,17.14,8.4,blue:28.7 orange:11.6 yellow:2.4,
"Mobile Uploads/2026-09-17/Video Sep 17 2026, 4 24 58 PM.mov",3,6.0,1080,1920,vertical,17.7,78.6,210.8,22.7,5.5,blue:31.2 orange:9.1,
"Mobile Uploads/2026-09-17/Video Sep 17 2026, 4 24 58 PM.mov",4,8.0,1080,1920,vertical,15.0,77.8,206.9,17.73,2.5,blue:40.2 orange:5.2,
"Mobile Uploads/2026-09-17/Video Sep 17 2026, 4 24 58 PM.mov",5,10.0,1080,1920,vertical,15.1,76.4,198.4,15.28,0.8,blue:30.7 red:2.7,
"Mobile Uploads/2026-09-17/Video Sep 17 2026, 4 24 58 PM.mov",6,12.0,1080,1920,vertical,15.4,96.0,223.8,18.36,8.4,blue:25.5 orange:13.8 yellow:2.7,
NQ Studio/raw footage/2026-09-03/2026-09-03 22-06-24 quick piece to camera.mov,1,2.0,1080,1920,vertical,11.9,76.5,161.2,0.0,26.8,orange:50.7,
NQ Studio/raw footage/2026-09-03/2026-09-03 22-06-24 quick piece to camera.mov,2,4.0,1080,1920,vertical,10.6,75.9,170.3,12.54,19.3,orange:34.4,
NQ Studio/raw footage/2026-09-03/2026-09-03 22-06-24 quick piece to camera.mov,3,6.0,1080,1920,vertical,11.1,81.0,158.5,12.28,26.7,orange:47.0,
NQ Studio/raw footage/2026-09-03/2026-09-03 22-06-24 quick piece to camera.mov,4,8.0,1080,1920,vertical,8.0,97.6,180.3,13.79,35.6,orange:54.8,
NQ Studio/raw footage/2026-09-03/2026-09-03 22-04-33 product to camera.mov,1,2.0,1080,1920,vertical,10.1,85.3,174.0,0.0,32.8,orange:41.5 blue:2.2,
NQ Studio/raw footage/2026-09-03/2026-09-03 22-04-33 product to camera.mov,2,4.0,1080,1920,vertical,10.4,86.4,172.3,5.84,33.8,orange:44.2,
NQ Studio/raw footage/2026-09-03/2026-09-03 22-04-33 product to camera.mov,3,6.0,1080,1920,vertical,10.6,88.8,187.0,10.78,40.3,orange:48.1 yellow:5.5 red:4.3,
NQ Studio/raw footage/2026-09-03/2026-09-03 22-04-33 product to camera.mov,4,8.0,1080,1920,vertical,10.1,83.8,180.3,9.42,35.0,orange:44.0,
NQ Studio/raw footage/2026-09-03/2026-09-03 22-04-33 product to camera.mov,5,10.0,1080,1920,vertical,9.9,76.7,165.1,5.09,33.7,orange:43.8,
NQ Studio/raw footage/2026-09-03/2026-09-03 22-04-33 product to camera.mov,6,12.0,1080,1920,vertical,10.1,81.5,168.7,5.18,35.4,orange:45.4,
NQ Studio/raw footage/2026-09-03/2026-09-03 22-04-33 product to camera.mov,7,14.0,1080,1920,vertical,9.6,90.8,187.3,11.49,34.0,orange:45.7 red:3.2,
NQ Studio/raw footage/2026-09-03/2026-09-03 22-04-33 product to camera.mov,8,16.0,1080,1920,vertical,9.3,87.2,183.4,11.97,32.4,orange:43.2,
NQ Studio/raw footage/2026-09-03/2026-09-03 22-04-33 product to camera.mov,9,18.0,1080,1920,vertical,9.8,98.0,196.6,14.17,34.9,orange:45.7 red:3.2,
NQ Studio/raw footage/2026-09-03/2026-09-03 22-04-33 product to camera.mov,10,20.0,1080,1920,vertical,9.7,85.3,171.8,11.66,35.1,orange:45.4,
NQ Studio/raw footage/2026-09-03/2026-09-03 22-04-33 product to camera.mov,11,22.0,1080,1920,vertical,9.4,86.2,179.9,7.96,32.1,orange:41.6,
NQ Studio/raw footage/2026-09-03/2026-09-03 22-04-33 product to camera.mov,12,24.0,1080,1920,vertical,10.0,84.1,187.0,7.85,30.5,orange:40.9,
NQ Studio/raw footage/2026-09-03/2026-09-03 22-04-33 product to camera.mov,13,26.0,1080,1920,vertical,9.8,81.8,170.7,9.44,36.5,orange:48.1,
NQ Studio/raw footage/2026-09-03/2026-09-03 22-04-33 product to camera.mov,14,28.0,1080,1920,vertical,10.1,84.4,183.9,9.61,31.3,orange:40.8,
NQ Studio/raw footage/2026-09-03/2026-09-03 22-04-33 product to camera.mov,15,30.0,1080,1920,vertical,10.4,89.6,178.9,9.54,32.7,orange:42.5 blue:2.5,
NQ Studio/raw footage/2026-09-03/2026-09-03 22-04-33 product to camera.mov,16,32.0,1080,1920,vertical,10.0,79.4,165.6,7.16,31.8,orange:41.7,
NQ Studio/raw footage/2026-09-03/2026-09-03 22-04-33 product to camera.mov,17,34.0,1080,1920,vertical,10.2,87.0,168.8,7.09,34.7,orange:43.7 blue:2.1,
NQ Studio/raw footage/2026-09-03/2026-09-03 22-04-33 product to camera.mov,18,36.0,1080,1920,vertical,9.4,75.1,170.4,15.44,29.0,orange:51.4,
NQ Studio/raw footage/2026-09-03/2026-09-03 22-04-33 product to camera.mov,19,38.0,1080,1920,vertical,9.8,71.6,165.1,15.99,8.9,orange:21.3,
NQ Studio/raw footage/2026-09-03/2026-09-03 22-04-33 product to camera.mov,20,40.0,1080,1920,vertical,8.2,71.4,176.4,15.09,4.8,orange:18.0,
NQ Studio/raw footage/2026-09-03/2026-09-03 22-04-33 product to camera.mov,21,42.0,1080,1920,vertical,9.8,91.6,202.7,19.43,4.4,orange:11.5,
NQ Studio/raw footage/2026-09-03/2026-09-03 22-04-33 product to camera.mov,22,44.0,1080,1920,vertical,9.3,83.7,188.3,17.22,6.7,orange:12.1,
NQ Studio/raw footage/2026-09-03/2026-09-03 22-04-33 product to camera.mov,23,46.0,1080,1920,vertical,10.2,80.6,178.8,17.82,15.3,orange:17.1 red:2.3,
NQ Studio/raw footage/2026-09-03/2026-09-03 22-04-33 product to camera.mov,24,48.0,1080,1920,vertical,9.0,83.3,164.6,13.1,19.4,orange:20.1 red:2.7,
NQ Studio/raw footage/2026-09-03/2026-09-03 22-04-33 product to camera.mov,25,50.0,1080,1920,vertical,10.3,106.9,196.2,17.58,31.0,orange:36.9 red:3.1,
NQ Studio/raw footage/2026-09-03/2026-09-03 22-04-33 product to camera.mov,26,52.0,1080,1920,vertical,8.2,104.4,198.1,20.05,22.8,orange:28.9,
NQ Studio/raw footage/2026-09-03/2026-09-03 22-04-33 product to camera.mov,27,54.0,1080,1920,vertical,10.1,88.2,192.2,24.5,15.4,orange:20.5,
NQ Studio/raw footage/2026-09-03/2026-09-03 22-04-33 product to camera.mov,28,56.0,1080,1920,vertical,9.0,78.0,180.3,16.94,17.8,orange:26.8,
NQ Studio/raw footage/2026-09-04/2026-09-04 00-15-30 red supercar.mov,1,2.0,1080,1920,vertical,10.2,75.0,156.8,0.0,7.5,red:26.2 orange:4.5 blue:2.3,
NQ Studio/raw footage/2026-09-04/2026-09-04 00-15-30 red supercar.mov,2,4.0,1080,1920,vertical,10.4,94.4,177.2,15.56,10.8,red:15.3 orange:6.4,
NQ Studio/raw footage/2026-09-04/2026-09-04 00-15-30 red supercar.mov,3,6.0,1080,1920,vertical,9.4,116.9,196.2,17.97,13.8,blue:14.9 orange:14.2 red:9.4,
NQ Studio/raw footage/2026-09-04/2026-09-04 00-15-30 red supercar.mov,4,8.0,1080,1920,vertical,9.4,107.6,195.4,14.77,5.6,red:16.1 blue:12.0 orange:7.6,
NQ Studio/raw footage/2026-09-04/2026-09-04 00-15-30 red supercar.mov,5,10.0,1080,1920,vertical,10.8,99.2,190.6,17.46,27.7,red:33.6 orange:27.6,
NQ Studio/raw footage/2026-09-04/2026-09-04 00-15-30 red supercar.mov,6,12.0,1080,1920,vertical,7.8,114.5,252.0,16.82,5.0,orange:12.7 blue:5.0,
NQ Studio/raw footage/2026-09-04/2026-09-04 00-15-30 red supercar.mov,7,14.0,1080,1920,vertical,6.3,97.8,252.0,11.06,4.0,orange:9.4,
NQ Studio/raw footage/2026-09-04/2026-09-04 00-15-30 red supercar.mov,8,16.0,1080,1920,vertical,8.9,109.9,252.0,16.5,14.1,orange:23.0 red:8.1,
NQ Studio/raw footage/2026-09-04/2026-09-04 00-15-30 red supercar.mov,9,18.0,1080,1920,vertical,9.3,103.5,173.4,18.04,13.8,orange:17.8 red:10.7 blue:9.3,
NQ Studio/raw footage/2026-09-04/2026-09-04 00-15-30 red supercar.mov,10,20.0,1080,1920,vertical,9.2,110.5,177.7,14.61,10.4,orange:19.2 red:4.1 blue:3.3,
NQ Studio/raw footage/2026-09-04/2026-09-04 00-15-30 red supercar.mov,11,22.0,1080,1920,vertical,9.7,111.3,182.2,13.78,15.6,red:28.5 blue:14.5 orange:10.1,
NQ Studio/raw footage/2026-09-04/2026-09-04 00-15-30 red supercar.mov,12,24.0,1080,1920,vertical,10.6,93.6,166.4,12.72,18.9,red:28.8 orange:22.2 blue:12.2,
NQ Studio/raw footage/2026-09-04/2026-09-04 00-15-30 red supercar.mov,13,26.0,1080,1920,vertical,9.0,104.8,181.2,14.95,16.2,red:22.5 orange:7.1 blue:3.4,
NQ Studio/raw footage/2026-09-04/2026-09-04 00-15-30 red supercar.mov,14,28.0,1080,1920,vertical,7.8,105.9,244.2,17.95,4.3,red:21.2 blue:13.2 orange:2.6,
NQ Studio/raw footage/2026-09-04/2026-09-04 00-15-30 red supercar.mov,15,30.0,1080,1920,vertical,8.2,96.6,252.0,16.94,5.4,red:17.3 blue:5.1 orange:4.9,
NQ Studio/raw footage/2026-09-04/2026-09-04 00-15-30 red supercar.mov,16,32.0,1080,1920,vertical,8.8,100.7,252.0,11.8,3.0,red:15.6 blue:7.3,
NQ Studio/raw footage/2026-09-04/2026-09-04 00-15-30 red supercar.mov,17,34.0,1080,1920,vertical,8.5,98.3,250.1,16.62,1.6,blue:18.7 red:5.6 orange:2.1,
NQ Studio/raw footage/2026-09-04/2026-09-04 00-15-30 red supercar.mov,18,36.0,1080,1920,vertical,9.2,99.6,250.0,16.57,5.2,blue:19.9 orange:11.7 red:5.5,
NQ Studio/raw footage/2026-09-04/2026-09-04 00-15-30 red supercar.mov,19,38.0,1080,1920,vertical,9.2,103.6,173.6,16.79,9.3,orange:18.1 red:4.4,
NQ Studio/raw footage/2026-09-04/2026-09-04 00-15-30 red supercar.mov,20,40.0,1080,1920,vertical,10.1,113.2,221.6,14.85,8.3,red:15.0 orange:12.5,
NQ Studio/raw footage/2026-09-04/2026-09-04 00-15-30 red supercar.mov,21,42.0,1080,1920,vertical,8.1,101.3,173.1,13.92,11.4,orange:31.6 blue:6.4,
NQ Studio/raw footage/2026-09-04/2026-09-04 00-15-30 red supercar.mov,22,44.0,1080,1920,vertical,8.5,97.5,170.7,9.91,13.3,orange:30.7 blue:13.7,
NQ Studio/raw footage/2026-09-04/2026-09-04 00-15-30 red supercar.mov,23,46.0,1080,1920,vertical,7.9,102.7,185.3,9.22,14.5,orange:33.5 blue:18.5,
NQ Studio/raw footage/2026-09-04/2026-09-04 00-15-30 red supercar.mov,24,48.0,1080,1920,vertical,6.4,101.4,179.1,10.37,9.3,orange:28.6 red:2.0,
NQ Studio/raw footage/2026-09-04/2026-09-04 00-15-30 red supercar.mov,25,50.0,1080,1920,vertical,5.2,102.3,158.3,9.57,3.7,orange:12.6,
NQ Studio/raw footage/2026-09-04/2026-09-04 00-15-30 red supercar.mov,26,52.0,1080,1920,vertical,7.6,110.1,199.5,9.68,4.8,orange:18.9,
NQ Studio/raw footage/2026-09-04/2026-09-04 00-15-30 red supercar.mov,27,54.0,1080,1920,vertical,8.8,95.6,188.2,14.47,8.2,blue:12.8 orange:9.6 red:6.6,
NQ Studio/raw footage/2026-09-04/2026-09-04 00-15-30 red supercar.mov,28,56.0,1080,1920,vertical,8.2,104.1,179.5,15.22,5.0,orange:13.8 blue:13.5,
NQ Studio/raw footage/2026-09-04/2026-09-04 00-15-30 red supercar.mov,29,58.0,1080,1920,vertical,7.5,103.6,175.5,13.46,4.4,red:12.1 orange:4.4,
NQ Studio/raw footage/2026-09-04/2026-09-04 00-15-30 red supercar.mov,30,60.0,1080,1920,vertical,8.3,100.5,180.2,12.4,10.2,red:15.4 blue:9.8 orange:9.5,
NQ Studio/raw footage/2026-09-04/2026-09-04 00-15-30 red supercar.mov,31,62.0,1080,1920,vertical,6.0,71.5,226.6,22.18,8.3,blue:25.1 orange:11.3,
NQ Studio/raw footage/2026-09-04/2026-09-04 00-15-30 red supercar.mov,32,64.0,1080,1920,vertical,9.6,91.8,183.9,20.5,12.0,orange:18.2,
NQ Studio/raw footage/2026-09-04/2026-09-04 00-15-30 red supercar.mov,33,66.0,1080,1920,vertical,8.7,100.9,175.8,18.83,9.2,orange:10.1,
NQ Studio/raw footage/2026-09-04/2026-09-04 00-15-30 red supercar.mov,34,68.0,1080,1920,vertical,8.5,118.7,192.2,21.65,22.0,orange:33.2 blue:4.8,
NQ Studio/raw footage/2026-09-04/2026-09-04 00-15-30 red supercar.mov,35,70.0,1080,1920,vertical,6.8,115.3,252.0,21.0,2.9,blue:23.1 orange:4.1,
NQ Studio/raw footage/2026-09-04/2026-09-04 00-15-30 red supercar.mov,36,72.0,1080,1920,vertical,7.6,108.5,252.0,27.95,7.3,orange:9.9 blue:7.8,
NQ Studio/raw footage/2026-09-04/2026-09-04 00-15-30 red supercar.mov,37,74.0,1080,1920,vertical,7.5,97.3,251.4,21.27,19.2,orange:25.3 blue:12.9 red:2.2,
NQ Studio/raw footage/2026-09-04/2026-09-04 00-15-30 red supercar.mov,38,76.0,1080,1920,vertical,8.4,92.1,172.1,11.96,16.6,orange:32.8 blue:6.0,
NQ Studio/raw footage/2026-09-04/2026-09-04 00-15-30 red supercar.mov,39,78.0,1080,1920,vertical,0.4,3.5,29.6,34.72,0.2,,
"Mobile Uploads/2026-09-21/Video Sep 21 2026, 4 37 27 PM.mov",1,2.0,1920,1080,landscape,17.4,102.4,233.1,0.0,24.0,orange:29.0 yellow:4.6,
"Mobile Uploads/2026-09-21/Video Sep 21 2026, 4 37 27 PM.mov",2,4.0,1920,1080,landscape,17.3,98.4,230.4,21.14,26.7,orange:37.1 yellow:5.3,
"Mobile Uploads/2026-09-21/Video Sep 21 2026, 4 37 27 PM.mov",3,6.0,1920,1080,landscape,16.7,121.8,228.1,24.38,11.7,orange:18.9 yellow:4.4,
"Mobile Uploads/2026-09-21/Video Sep 21 2026, 4 37 27 PM.mov",4,8.0,1920,1080,landscape,15.5,122.5,233.1,30.08,17.8,orange:25.2 yellow:4.0,
"Mobile Uploads/2026-09-21/Video Sep 21 2026, 4 37 27 PM.mov",5,10.0,1920,1080,landscape,15.6,81.7,236.0,27.11,13.5,orange:20.9 yellow:2.5,
"Mobile Uploads/2026-09-21/Video Sep 21 2026, 4 37 27 PM.mov",6,12.0,1920,1080,landscape,17.9,91.9,220.4,22.64,23.1,orange:32.4 yellow:5.6,
"Mobile Uploads/2026-09-21/Video Sep 21 2026, 10 19 15 AM.mov",1,2.0,1920,1080,landscape,13.4,147.8,231.7,0.0,2.5,orange:3.8 blue:2.1,
"Mobile Uploads/2026-09-21/Video Sep 21 2026, 10 19 15 AM.mov",2,4.0,1920,1080,landscape,13.7,142.3,229.5,12.79,2.5,orange:3.4 blue:2.5,
"Mobile Uploads/2026-09-21/Video Sep 21 2026, 10 19 15 AM.mov",3,6.0,1920,1080,landscape,13.8,133.3,209.4,17.3,0.8,blue:5.2,
"Mobile Uploads/2026-09-21/Video Sep 21 2026, 10 19 15 AM.mov",4,8.0,1920,1080,landscape,13.1,126.0,223.6,18.86,0.7,blue:4.0,
"Mobile Uploads/2026-09-21/Video Sep 21 2026, 10 19 15 AM.mov",5,10.0,1920,1080,landscape,14.1,123.4,218.0,18.4,0.8,blue:2.4 yellow:2.1,
"Mobile Uploads/2026-09-21/Video Sep 21 2026, 10 19 15 AM.mov",6,12.0,1920,1080,landscape,15.7,128.9,215.0,21.43,0.3,blue:4.2,
"Mobile Uploads/2026-09-21/Video Sep 21 2026, 10 19 15 AM.mov",7,14.0,1920,1080,landscape,14.9,135.3,219.7,22.89,0.5,blue:3.7,
"Mobile Uploads/2026-09-21/Video Sep 21 2026, 10 19 15 AM.mov",8,16.0,1920,1080,landscape,16.5,129.7,217.5,23.59,2.0,blue:4.5,
"Mobile Uploads/2026-09-21/Video Sep 21 2026, 10 19 15 AM.mov",9,18.0,1920,1080,landscape,19.5,136.9,225.0,21.21,1.9,blue:8.4 red:2.8,
"Mobile Uploads/2026-09-21/Video Sep 21 2026, 10 19 15 AM.mov",10,20.0,1920,1080,landscape,17.6,139.2,224.4,23.2,1.2,blue:19.9 red:3.1,
"Mobile Uploads/2026-09-21/Video Sep 21 2026, 10 19 15 AM.mov",11,22.0,1920,1080,landscape,17.4,140.2,225.2,15.46,1.3,blue:12.7,
"Mobile Uploads/2026-09-21/Video Sep 21 2026, 10 19 15 AM.mov",12,24.0,1920,1080,landscape,15.8,140.4,222.4,12.67,1.0,blue:8.1,
"Mobile Uploads/2026-09-21/Video Sep 21 2026, 10 19 15 AM.mov",13,26.0,1920,1080,landscape,14.9,138.4,228.6,13.31,0.7,blue:6.3,
"Mobile Uploads/2026-09-21/Video Sep 21 2026, 10 19 15 AM.mov",14,28.0,1920,1080,landscape,13.8,141.8,234.9,11.91,0.5,blue:9.3,
"Mobile Uploads/2026-09-21/Video Sep 21 2026, 10 19 15 AM.mov",15,30.0,1920,1080,landscape,13.8,142.7,233.0,12.11,1.3,blue:10.1 orange:3.0,
"Mobile Uploads/2026-09-21/Video Sep 21 2026, 10 19 15 AM.mov",16,32.0,1920,1080,landscape,13.9,141.9,232.8,11.59,1.8,blue:8.8 orange:3.2,
"Mobile Uploads/2026-09-21/Video Sep 21 2026, 10 19 15 AM.mov",17,34.0,1920,1080,landscape,13.9,147.2,233.7,13.21,1.8,blue:6.3 orange:3.7,
"Mobile Uploads/2026-09-21/Video Sep 21 2026, 10 19 15 AM.mov",18,36.0,1920,1080,landscape,14.4,146.8,230.1,13.89,1.2,blue:5.6,
"Mobile Uploads/2026-09-21/Video Sep 21 2026, 10 19 15 AM.mov",19,38.0,1920,1080,landscape,14.5,145.7,228.7,13.39,0.9,blue:3.7,
"Mobile Uploads/2026-09-21/Video Sep 21 2026, 10 19 15 AM.mov",20,40.0,1920,1080,landscape,14.1,147.5,225.0,12.29,0.9,blue:2.6,
"Mobile Uploads/2026-09-21/Video Sep 21 2026, 10 19 15 AM.mov",21,42.0,1920,1080,landscape,13.7,143.2,225.7,5.43,1.0,orange:2.4,
"Mobile Uploads/2026-09-21/Video Sep 21 2026, 4 38 07 PM.mov",1,2.0,1920,1080,landscape,12.3,133.4,203.9,0.0,6.0,yellow:19.5 orange:10.3 blue:4.0,
"Mobile Uploads/2026-09-21/Video Sep 21 2026, 4 38 07 PM.mov",2,4.0,1920,1080,landscape,12.7,134.7,225.8,13.9,20.6,yellow:43.8 orange:13.9,
"Mobile Uploads/2026-09-21/Video Sep 21 2026, 4 38 07 PM.mov",3,6.0,1920,1080,landscape,14.7,146.3,230.2,17.04,12.5,yellow:25.4 orange:19.5,
"Mobile Uploads/2026-09-21/Video Sep 21 2026, 4 38 07 PM.mov",4,8.0,1920,1080,landscape,17.1,123.2,228.2,23.03,18.2,orange:33.8 yellow:13.8,
"Mobile Uploads/2026-09-21/Video Sep 21 2026, 4 38 07 PM.mov",5,10.0,1920,1080,landscape,16.8,132.1,229.7,14.66,18.1,orange:33.1 yellow:15.0,
"Mobile Uploads/2026-09-21/Video Sep 21 2026, 4 41 09 PM.mov",1,2.0,1080,1920,vertical,16.0,102.1,234.1,0.0,21.3,orange:25.7 yellow:5.7,
"Mobile Uploads/2026-09-21/Video Sep 21 2026, 4 41 09 PM.mov",2,4.0,1080,1920,vertical,17.9,98.2,230.4,22.45,22.2,orange:33.0 yellow:6.8,
"Mobile Uploads/2026-09-21/Video Sep 21 2026, 4 41 09 PM.mov",3,6.0,1080,1920,vertical,16.6,121.4,229.5,25.65,9.7,orange:16.3 yellow:5.3,
"Mobile Uploads/2026-09-21/Video Sep 21 2026, 4 41 09 PM.mov",4,8.0,1080,1920,vertical,15.0,122.2,233.4,30.89,16.0,orange:22.4 yellow:5.4,
"Mobile Uploads/2026-09-21/Video Sep 21 2026, 4 41 09 PM.mov",5,10.0,1080,1920,vertical,15.8,81.5,235.9,27.68,12.0,orange:18.0 yellow:3.1,
"Mobile Uploads/2026-09-21/Video Sep 21 2026, 4 41 09 PM.mov",6,12.0,1080,1920,vertical,16.2,91.6,224.1,23.52,19.8,orange:29.4 yellow:6.4,
"Mobile Uploads/2026-09-21/Video Sep 21 2026, 4 42 21 PM.mov",1,2.0,1080,1920,vertical,11.8,134.4,224.6,0.0,5.2,yellow:19.6 orange:8.9 blue:4.1,
"Mobile Uploads/2026-09-21/Video Sep 21 2026, 4 42 21 PM.mov",2,4.0,1080,1920,vertical,11.5,134.8,240.2,13.85,16.4,yellow:47.2 orange:9.8,
"Mobile Uploads/2026-09-21/Video Sep 21 2026, 4 42 21 PM.mov",3,6.0,1080,1920,vertical,13.5,146.4,239.9,17.49,10.2,yellow:27.7 orange:16.4,
"Mobile Uploads/2026-09-21/Video Sep 21 2026, 4 42 21 PM.mov",4,8.0,1080,1920,vertical,16.7,128.5,236.5,21.87,14.2,orange:28.2 yellow:15.6,
"Mobile Uploads/2026-09-21/Video Sep 21 2026, 4 42 21 PM.mov",5,10.0,1080,1920,vertical,16.3,136.9,239.0,15.43,14.9,orange:27.2 yellow:17.3,
NQ Studio/raw footage/2026-09-03/2026-09-03 23-55-54 teal brakes and ryft wheels.mov,1,2.0,1080,1920,vertical,9.9,112.3,192.6,0.0,20.3,orange:24.8 yellow:2.3,
NQ Studio/raw footage/2026-09-03/2026-09-03 23-55-54 teal brakes and ryft wheels.mov,2,4.0,1080,1920,vertical,10.3,120.1,199.1,16.63,18.0,orange:21.7,
NQ Studio/raw footage/2026-09-03/2026-09-03 23-55-54 teal brakes and ryft wheels.mov,3,6.0,1080,1920,vertical,9.8,114.8,196.5,13.39,19.5,orange:23.8,
NQ Studio/raw footage/2026-09-03/2026-09-03 23-55-54 teal brakes and ryft wheels.mov,4,8.0,1080,1920,vertical,9.6,109.8,190.9,18.55,13.5,orange:18.3,
NQ Studio/raw footage/2026-09-03/2026-09-03 23-55-54 teal brakes and ryft wheels.mov,5,10.0,1080,1920,vertical,8.8,121.4,207.8,17.21,1.6,orange:3.1,
NQ Studio/raw footage/2026-09-03/2026-09-03 23-55-54 teal brakes and ryft wheels.mov,6,12.0,1080,1920,vertical,9.5,102.3,182.5,19.43,7.8,red:8.3 orange:7.5,
NQ Studio/raw footage/2026-09-03/2026-09-03 23-55-54 teal brakes and ryft wheels.mov,7,14.0,1080,1920,vertical,10.9,109.3,188.5,18.68,30.1,red:25.1 orange:10.5,
NQ Studio/raw footage/2026-09-03/2026-09-03 23-55-54 teal brakes and ryft wheels.mov,8,16.0,1080,1920,vertical,10.7,110.3,191.1,14.81,16.6,red:25.3 orange:10.3 green:4.9 yellow:2.2,
NQ Studio/raw footage/2026-09-03/2026-09-03 23-55-54 teal brakes and ryft wheels.mov,9,18.0,1080,1920,vertical,10.2,110.5,190.3,9.56,14.1,red:27.5 orange:8.8 yellow:4.0 green:3.6,
NQ Studio/raw footage/2026-09-03/2026-09-03 23-55-54 teal brakes and ryft wheels.mov,10,20.0,1080,1920,vertical,8.4,118.9,195.8,17.87,8.7,orange:13.8 red:3.4,
NQ Studio/raw footage/2026-09-03/2026-09-03 23-55-54 teal brakes and ryft wheels.mov,11,22.0,1080,1920,vertical,8.5,97.7,182.3,16.39,9.5,orange:12.5 green:10.2 red:3.1,
NQ Studio/raw footage/2026-09-03/2026-09-03 23-55-54 teal brakes and ryft wheels.mov,12,24.0,1080,1920,vertical,8.9,103.5,187.2,16.59,7.0,green:14.3 orange:10.5,
NQ Studio/raw footage/2026-09-03/2026-09-03 23-55-54 teal brakes and ryft wheels.mov,13,26.0,1080,1920,vertical,10.2,98.3,197.6,20.01,11.8,orange:16.9,
NQ Studio/raw footage/2026-09-03/2026-09-03 23-55-54 teal brakes and ryft wheels.mov,14,28.0,1080,1920,vertical,9.6,97.6,195.4,15.94,11.0,orange:17.4,
NQ Studio/raw footage/2026-09-03/2026-09-03 23-55-54 teal brakes and ryft wheels.mov,15,30.0,1080,1920,vertical,9.1,114.1,217.8,15.39,8.4,orange:13.5,
NQ Studio/raw footage/2026-09-03/2026-09-03 23-55-54 teal brakes and ryft wheels.mov,16,32.0,1080,1920,vertical,9.3,120.0,223.7,6.11,7.2,orange:13.7,
NQ Studio/raw footage/2026-09-03/2026-09-03 23-55-54 teal brakes and ryft wheels.mov,17,34.0,1080,1920,vertical,8.6,97.4,223.4,17.33,2.2,orange:3.9,
NQ Studio/raw footage/2026-09-03/2026-09-03 23-55-54 teal brakes and ryft wheels.mov,18,36.0,1080,1920,vertical,7.9,119.9,218.0,15.81,8.4,orange:13.4,
NQ Studio/raw footage/2026-09-03/2026-09-03 23-55-54 teal brakes and ryft wheels.mov,19,38.0,1080,1920,vertical,11.1,80.1,167.9,24.49,2.0,orange:5.7,
NQ Studio/raw footage/2026-09-03/2026-09-03 23-55-54 teal brakes and ryft wheels.mov,20,40.0,1080,1920,vertical,10.4,85.0,185.4,13.2,2.1,orange:4.2,
NQ Studio/raw footage/2026-09-03/2026-09-03 23-55-54 teal brakes and ryft wheels.mov,21,42.0,1080,1920,vertical,10.3,96.3,195.2,15.52,1.0,orange:4.1,
NQ Studio/raw footage/2026-09-03/2026-09-03 23-55-54 teal brakes and ryft wheels.mov,22,44.0,1080,1920,vertical,8.4,111.5,204.1,21.49,6.4,orange:10.6,
NQ Studio/raw footage/2026-09-03/2026-09-03 23-55-54 teal brakes and ryft wheels.mov,23,46.0,1080,1920,vertical,9.2,89.9,172.9,21.5,0.9,,
NQ Studio/raw footage/2026-09-03/2026-09-03 23-55-54 teal brakes and ryft wheels.mov,24,48.0,1080,1920,vertical,9.0,103.8,192.1,15.25,2.2,green:21.1 orange:4.0,
NQ Studio/raw footage/2026-09-03/2026-09-03 23-55-54 teal brakes and ryft wheels.mov,25,50.0,1080,1920,vertical,9.5,108.9,190.1,12.65,3.3,green:19.0 orange:5.1,
NQ Studio/raw footage/2026-09-03/2026-09-03 23-55-54 teal brakes and ryft wheels.mov,26,52.0,1080,1920,vertical,9.8,99.3,188.9,13.93,5.0,orange:6.5 green:3.1,
NQ Studio/raw footage/2026-09-03/2026-09-03 23-55-54 teal brakes and ryft wheels.mov,27,54.0,1080,1920,vertical,9.6,102.1,197.7,16.19,0.7,green:5.8,
NQ Studio/raw footage/2026-09-03/2026-09-03 23-55-54 teal brakes and ryft wheels.mov,28,56.0,1080,1920,vertical,9.8,94.4,182.3,15.17,0.9,green:6.8 yellow:6.1,
NQ Studio/raw footage/2026-09-03/2026-09-03 23-55-54 teal brakes and ryft wheels.mov,29,58.0,1080,1920,vertical,9.8,108.1,193.1,13.79,2.9,green:9.6 orange:4.0,
NQ Studio/raw footage/2026-09-03/2026-09-03 23-55-54 teal brakes and ryft wheels.mov,30,60.0,1080,1920,vertical,8.8,109.7,189.9,10.68,3.1,green:19.9 orange:5.1 yellow:2.7,
NQ Studio/raw footage/2026-09-03/2026-09-03 23-55-54 teal brakes and ryft wheels.mov,31,62.0,1080,1920,vertical,9.0,95.9,182.9,11.87,2.6,green:16.2 orange:3.6,
NQ Studio/raw footage/2026-09-03/2026-09-03 23-55-54 teal brakes and ryft wheels.mov,32,64.0,1080,1920,vertical,9.7,122.7,189.1,19.11,3.8,orange:10.6 blue:3.2,
NQ Studio/raw footage/2026-09-03/2026-09-03 23-55-54 teal brakes and ryft wheels.mov,33,66.0,1080,1920,vertical,10.0,108.9,211.6,14.64,12.7,orange:22.8 blue:2.5,
NQ Studio/raw footage/2026-09-03/2026-09-03 23-55-54 teal brakes and ryft wheels.mov,34,68.0,1080,1920,vertical,9.9,114.4,200.5,17.41,5.0,orange:14.3 yellow:3.0,
NQ Studio/raw footage/2026-09-03/2026-09-03 23-55-54 teal brakes and ryft wheels.mov,35,70.0,1080,1920,vertical,9.6,113.8,181.5,15.37,4.9,orange:13.6,
NQ Studio/raw footage/2026-09-03/2026-09-03 23-55-54 teal brakes and ryft wheels.mov,36,72.0,1080,1920,vertical,10.0,97.0,168.8,13.25,8.1,orange:17.9 blue:2.8,
NQ Studio/raw footage/2026-09-03/2026-09-03 23-55-54 teal brakes and ryft wheels.mov,37,74.0,1080,1920,vertical,9.9,95.8,165.8,7.0,7.7,orange:18.3 blue:2.6,
NQ Studio/raw footage/2026-09-03/2026-09-03 23-55-54 teal brakes and ryft wheels.mov,38,76.0,1080,1920,vertical,10.0,95.4,166.2,6.0,8.1,orange:18.9 blue:2.5,
NQ Studio/raw footage/2026-09-03/2026-09-03 23-55-54 teal brakes and ryft wheels.mov,39,78.0,1080,1920,vertical,8.9,93.9,178.2,15.69,12.2,orange:16.1 yellow:3.0,
NQ Studio/raw footage/2026-09-03/2026-09-03 23-55-54 teal brakes and ryft wheels.mov,40,80.0,1080,1920,vertical,9.3,112.1,197.1,18.26,5.1,orange:7.9,
NQ Studio/raw footage/2026-09-03/2026-09-03 23-55-54 teal brakes and ryft wheels.mov,41,82.0,1080,1920,vertical,9.2,110.4,198.8,17.07,4.1,orange:8.6,
NQ Studio/raw footage/2026-09-03/2026-09-03 23-55-54 teal brakes and ryft wheels.mov,42,84.0,1080,1920,vertical,9.8,120.7,196.1,19.08,3.3,orange:7.2,
NQ Studio/raw footage/2026-09-03/2026-09-03 23-55-54 teal brakes and ryft wheels.mov,43,86.0,1080,1920,vertical,10.0,144.5,212.7,20.93,1.4,green:20.2 orange:4.1 yellow:3.6 blue:3.0,
NQ Studio/raw footage/2026-09-03/2026-09-03 23-55-54 teal brakes and ryft wheels.mov,44,88.0,1080,1920,vertical,9.4,81.8,176.3,28.55,7.4,orange:10.1 green:9.4 red:4.5,
NQ Studio/raw footage/2026-09-03/2026-09-03 23-55-54 teal brakes and ryft wheels.mov,45,90.0,1080,1920,vertical,9.1,111.8,200.9,19.72,1.4,red:9.0 blue:4.4 orange:2.2 green:2.1,
NQ Studio/raw footage/2026-09-03/2026-09-03 23-55-54 teal brakes and ryft wheels.mov,46,92.0,1080,1920,vertical,8.9,98.3,197.7,11.51,6.6,red:8.5 orange:5.9,
NQ Studio/raw footage/2026-09-03/2026-09-03 23-55-54 teal brakes and ryft wheels.mov,47,94.0,1080,1920,vertical,8.7,108.8,206.3,11.94,8.4,green:14.1 orange:9.2 red:2.5,
NQ Studio/raw footage/2026-09-03/2026-09-03 23-55-54 teal brakes and ryft wheels.mov,48,96.0,1080,1920,vertical,8.5,119.8,198.4,20.55,1.8,red:7.6 orange:4.3,
NQ Studio/raw footage/2026-09-03/2026-09-03 23-55-54 teal brakes and ryft wheels.mov,49,98.0,1080,1920,vertical,4.4,60.9,115.0,24.47,0.7,red:3.8,
NQ Studio/raw footage/2026-09-03/2026-09-03 23-55-54 teal brakes and ryft wheels.mov,50,100.0,1080,1920,vertical,8.6,108.4,183.3,22.47,6.3,red:7.8 orange:6.8,
NQ Studio/raw footage/2026-09-03/2026-09-03 23-55-54 teal brakes and ryft wheels.mov,51,102.0,1080,1920,vertical,9.2,111.3,191.5,7.47,4.8,red:7.8 orange:2.7,
NQ Studio/raw footage/2026-09-03/2026-09-03 23-55-54 teal brakes and ryft wheels.mov,52,104.0,1080,1920,vertical,9.4,104.5,187.0,6.56,4.7,red:7.8 orange:3.8,
NQ Studio/raw footage/2026-09-03/2026-09-03 23-55-54 teal brakes and ryft wheels.mov,53,106.0,1080,1920,vertical,8.3,107.9,182.3,8.3,5.3,red:6.5 orange:5.7,
NQ Studio/raw footage/2026-09-03/2026-09-03 23-55-54 teal brakes and ryft wheels.mov,54,108.0,1080,1920,vertical,8.2,120.2,201.4,9.26,5.7,red:6.5 orange:4.7,
NQ Studio/raw footage/2026-09-03/2026-09-03 23-55-54 teal brakes and ryft wheels.mov,55,110.0,1080,1920,vertical,8.0,127.6,210.4,7.08,4.4,red:4.8 orange:4.4,
NQ Studio/raw footage/2026-09-03/2026-09-03 23-55-54 teal brakes and ryft wheels.mov,56,112.0,1080,1920,vertical,9.1,98.7,188.5,13.45,5.2,orange:8.9 red:3.8,
NQ Studio/raw footage/2026-09-03/2026-09-03 23-55-54 teal brakes and ryft wheels.mov,57,114.0,1080,1920,vertical,9.3,95.2,184.1,5.05,3.9,orange:8.7 red:2.5,
NQ Studio/raw footage/2026-09-03/2026-09-03 23-55-54 teal brakes and ryft wheels.mov,58,116.0,1080,1920,vertical,10.0,95.6,194.0,6.4,3.6,orange:9.1,
NQ Studio/raw footage/2026-09-03/2026-09-03 23-55-54 teal brakes and ryft wheels.mov,59,118.0,1080,1920,vertical,9.9,95.3,194.4,2.83,3.5,orange:8.9,
NQ Studio/raw footage/2026-09-03/2026-09-03 23-55-54 teal brakes and ryft wheels.mov,60,120.0,1080,1920,vertical,9.1,95.8,185.5,5.54,3.7,orange:9.0 red:2.2,
NQ Studio/raw footage/2026-09-03/2026-09-03 23-55-54 teal brakes and ryft wheels.mov,61,122.0,1080,1920,vertical,8.5,90.4,174.4,10.48,8.5,orange:11.1 green:6.4 red:4.9,
NQ Studio/raw footage/2026-09-03/2026-09-03 23-55-54 teal brakes and ryft wheels.mov,62,124.0,1080,1920,vertical,8.8,114.5,196.3,13.78,4.8,red:7.6 orange:6.4,
NQ Studio/raw footage/2026-09-03/2026-09-03 23-55-54 teal brakes and ryft wheels.mov,63,126.0,1080,1920,vertical,8.8,109.2,192.5,2.15,2.3,red:7.7 orange:6.8,
NQ Studio/raw footage/2026-09-03/2026-09-03 23-55-54 teal brakes and ryft wheels.mov,64,128.0,1080,1920,vertical,9.2,105.4,189.2,8.01,3.2,orange:11.7 red:8.0,
NQ Studio/raw footage/2026-09-03/2026-09-03 23-55-54 teal brakes and ryft wheels.mov,65,130.0,1080,1920,vertical,8.1,105.4,186.9,20.01,7.6,orange:14.2,
NQ Studio/raw footage/2026-09-03/2026-09-03 23-55-54 teal brakes and ryft wheels.mov,66,132.0,1080,1920,vertical,10.5,105.2,236.1,18.25,5.8,orange:13.6 blue:3.1,
NQ Studio/raw footage/2026-09-03/2026-09-03 23-55-54 teal brakes and ryft wheels.mov,67,134.0,1080,1920,vertical,10.4,99.7,225.5,16.86,4.5,orange:10.9,
NQ Studio/raw footage/2026-09-03/2026-09-03 23-55-54 teal brakes and ryft wheels.mov,68,136.0,1080,1920,vertical,8.4,106.8,194.9,21.79,10.9,orange:15.5,
NQ Studio/raw footage/2026-09-03/2026-09-03 23-55-54 teal brakes and ryft wheels.mov,69,138.0,1080,1920,vertical,8.7,97.8,188.3,12.31,11.8,orange:16.1,
NQ Studio/raw footage/2026-09-03/2026-09-03 23-55-54 teal brakes and ryft wheels.mov,70,140.0,1080,1920,vertical,9.2,107.7,198.2,17.66,8.7,orange:13.8,
NQ Studio/raw footage/2026-09-03/2026-09-03 23-55-54 teal brakes and ryft wheels.mov,71,142.0,1080,1920,vertical,9.1,103.0,199.4,4.73,5.9,orange:10.9,
NQ Studio/raw footage/2026-09-03/2026-09-03 23-55-54 teal brakes and ryft wheels.mov,72,144.0,1080,1920,vertical,9.1,101.7,197.2,2.04,6.4,orange:11.1,
NQ Studio/raw footage/2026-09-03/2026-09-03 23-55-54 teal brakes and ryft wheels.mov,73,146.0,1080,1920,vertical,9.1,101.2,196.5,1.53,6.7,orange:11.1,
NQ Studio/raw footage/2026-09-03/2026-09-03 23-55-54 teal brakes and ryft wheels.mov,74,148.0,1080,1920,vertical,9.1,100.8,196.4,1.26,6.5,orange:10.9,
NQ Studio/raw footage/2026-09-03/2026-09-03 23-55-54 teal brakes and ryft wheels.mov,75,150.0,1080,1920,vertical,9.0,100.9,197.1,1.44,6.3,orange:10.8,
NQ Studio/raw footage/2026-09-03/2026-09-03 23-55-54 teal brakes and ryft wheels.mov,76,152.0,1080,1920,vertical,9.0,101.3,197.0,1.06,6.3,orange:10.9,
NQ Studio/raw footage/2026-09-03/2026-09-03 23-55-54 teal brakes and ryft wheels.mov,77,154.0,1080,1920,vertical,9.2,102.0,196.1,3.03,8.0,orange:12.4,
NQ Studio/raw footage/2026-09-03/2026-09-03 23-55-54 teal brakes and ryft wheels.mov,78,156.0,1080,1920,vertical,9.1,102.3,196.4,1.38,8.1,orange:12.3,
NQ Studio/raw footage/2026-09-03/2026-09-03 23-55-54 teal brakes and ryft wheels.mov,79,158.0,1080,1920,vertical,9.2,102.5,196.2,1.36,8.2,orange:12.7,
NQ Studio/raw footage/2026-09-03/2026-09-03 23-55-54 teal brakes and ryft wheels.mov,80,160.0,1080,1920,vertical,9.2,102.5,196.2,0.92,8.3,orange:12.7,
NQ Studio/raw footage/2026-09-03/2026-09-03 23-55-54 teal brakes and ryft wheels.mov,81,162.0,1080,1920,vertical,9.2,100.8,196.4,3.35,6.4,orange:10.3,
NQ Studio/raw footage/2026-09-03/2026-09-03 23-55-54 teal brakes and ryft wheels.mov,82,164.0,1080,1920,vertical,9.1,100.3,196.3,1.76,6.6,orange:10.5,
NQ Studio/raw footage/2026-09-03/2026-09-03 23-55-54 teal brakes and ryft wheels.mov,83,166.0,1080,1920,vertical,9.0,99.5,196.4,1.74,6.2,orange:10.3,
NQ Studio/raw footage/2026-09-03/2026-09-03 23-55-54 teal brakes and ryft wheels.mov,84,168.0,1080,1920,vertical,9.1,102.4,195.7,3.31,9.4,orange:12.9,
NQ Studio/raw footage/2026-09-03/2026-09-03 23-55-54 teal brakes and ryft wheels.mov,85,170.0,1080,1920,vertical,9.1,101.9,195.8,2.94,8.6,orange:12.9,
NQ Studio/raw footage/2026-09-03/2026-09-03 23-55-54 teal brakes and ryft wheels.mov,86,172.0,1080,1920,vertical,9.2,103.4,196.1,3.6,7.8,orange:12.8,
NQ Studio/raw footage/2026-09-03/2026-09-03 23-55-54 teal brakes and ryft wheels.mov,87,174.0,1080,1920,vertical,9.2,99.1,195.0,4.69,5.9,orange:10.2,
NQ Studio/raw footage/2026-09-03/2026-09-03 23-55-54 teal brakes and ryft wheels.mov,88,176.0,1080,1920,vertical,9.1,98.5,195.1,5.53,11.3,orange:15.7,
NQ Studio/raw footage/2026-09-03/2026-09-03 23-55-54 teal brakes and ryft wheels.mov,89,178.0,1080,1920,vertical,9.2,104.5,195.1,6.29,8.9,orange:13.6,
NQ Studio/raw footage/2026-09-03/2026-09-03 23-55-54 teal brakes and ryft wheels.mov,90,180.0,1080,1920,vertical,9.4,106.9,193.7,3.99,7.1,orange:12.3,
NQ Studio/raw footage/2026-09-03/2026-09-03 23-55-54 teal brakes and ryft wheels.mov,91,182.0,1080,1920,vertical,7.6,118.3,193.7,17.99,5.5,orange:9.7,
NQ Studio/raw footage/2026-09-03/2026-09-03 23-55-54 teal brakes and ryft wheels.mov,92,184.0,1080,1920,vertical,9.3,112.5,190.8,16.39,8.0,orange:12.7,
NQ Studio/raw footage/2026-09-03/2026-09-03 23-55-54 teal brakes and ryft wheels.mov,93,186.0,1080,1920,vertical,10.3,108.6,198.1,17.04,3.9,orange:6.5,
NQ Studio/raw footage/2026-09-03/2026-09-03 23-55-54 teal brakes and ryft wheels.mov,94,188.0,1080,1920,vertical,9.8,112.5,194.6,16.15,7.5,orange:10.7,
NQ Studio/raw footage/2026-09-03/2026-09-03 23-55-54 teal brakes and ryft wheels.mov,95,190.0,1080,1920,vertical,9.9,107.1,195.8,19.75,8.4,orange:13.6,
NQ Studio/raw footage/2026-09-03/2026-09-03 23-55-54 teal brakes and ryft wheels.mov,96,192.0,1080,1920,vertical,9.1,109.9,196.0,14.94,6.2,orange:10.7,
NQ Studio/raw footage/2026-09-03/2026-09-03 23-55-54 teal brakes and ryft wheels.mov,97,194.0,1080,1920,vertical,9.1,109.7,195.3,1.34,6.2,orange:10.7,
NQ Studio/raw footage/2026-09-03/2026-09-03 23-55-54 teal brakes and ryft wheels.mov,98,196.0,1080,1920,vertical,9.5,107.9,196.8,12.45,7.0,orange:11.6,
NQ Studio/raw footage/2026-09-03/2026-09-03 23-55-54 teal brakes and ryft wheels.mov,99,198.0,1080,1920,vertical,9.5,98.1,196.4,12.41,26.2,orange:31.4 green:6.8,
NQ Studio/raw footage/2026-09-03/2026-09-03 23-55-54 teal brakes and ryft wheels.mov,100,200.0,1080,1920,vertical,8.8,107.9,195.1,15.87,7.2,orange:10.9,
NQ Studio/raw footage/2026-09-03/2026-09-03 23-55-54 teal brakes and ryft wheels.mov,101,202.0,1080,1920,vertical,9.6,107.1,197.4,12.79,7.3,orange:12.4,
NQ Studio/raw footage/2026-09-03/2026-09-03 23-55-54 teal brakes and ryft wheels.mov,102,204.0,1080,1920,vertical,10.0,99.9,193.7,18.73,3.1,orange:7.3 teal:2.4,
NQ Studio/raw footage/2026-09-03/2026-09-03 23-55-54 teal brakes and ryft wheels.mov,103,206.0,1080,1920,vertical,10.0,108.0,203.4,12.27,3.0,orange:6.9 teal:2.7,
NQ Studio/raw footage/2026-09-03/2026-09-03 23-55-54 teal brakes and ryft wheels.mov,104,208.0,1080,1920,vertical,9.9,104.6,200.3,7.84,1.8,orange:6.0 teal:2.6,
NQ Studio/raw footage/2026-09-03/2026-09-03 23-55-54 teal brakes and ryft wheels.mov,105,210.0,1080,1920,vertical,10.0,106.9,199.7,1.57,2.3,orange:6.3 teal:2.6,
NQ Studio/raw footage/2026-09-03/2026-09-03 23-55-54 teal brakes and ryft wheels.mov,106,212.0,1080,1920,vertical,10.0,106.3,200.0,0.86,2.1,orange:6.3 teal:2.6,
NQ Studio/raw footage/2026-09-03/2026-09-03 23-55-54 teal brakes and ryft wheels.mov,107,214.0,1080,1920,vertical,10.1,106.3,199.6,1.63,2.2,orange:6.4 teal:2.6,
NQ Studio/raw footage/2026-09-03/2026-09-03 23-55-54 teal brakes and ryft wheels.mov,108,216.0,1080,1920,vertical,10.3,105.7,198.3,1.99,2.2,orange:6.5 teal:2.6,
NQ Studio/raw footage/2026-09-03/2026-09-03 23-55-54 teal brakes and ryft wheels.mov,109,218.0,1080,1920,vertical,10.0,105.3,198.2,1.64,2.0,orange:5.6 teal:2.6,
NQ Studio/raw footage/2026-09-03/2026-09-03 23-55-54 teal brakes and ryft wheels.mov,110,220.0,1080,1920,vertical,10.0,105.3,198.3,0.6,1.9,orange:5.5 teal:2.6,
NQ Studio/raw footage/2026-09-03/2026-09-03 23-55-54 teal brakes and ryft wheels.mov,111,222.0,1080,1920,vertical,10.0,105.2,198.2,0.64,1.9,orange:5.6 teal:2.6,
NQ Studio/raw footage/2026-09-03/2026-09-03 23-55-54 teal brakes and ryft wheels.mov,112,224.0,1080,1920,vertical,10.0,105.4,198.4,1.32,2.2,orange:6.5 teal:2.6,
NQ Studio/raw footage/2026-09-03/2026-09-03 23-55-54 teal brakes and ryft wheels.mov,113,226.0,1080,1920,vertical,9.8,105.0,198.7,2.16,1.7,orange:6.0 teal:2.6,
NQ Studio/raw footage/2026-09-03/2026-09-03 23-55-54 teal brakes and ryft wheels.mov,114,228.0,1080,1920,vertical,10.0,104.7,197.9,3.07,3.1,orange:7.2 teal:2.6,
NQ Studio/raw footage/2026-09-03/2026-09-03 23-55-54 teal brakes and ryft wheels.mov,115,230.0,1080,1920,vertical,10.0,104.6,197.7,1.16,2.9,orange:6.9 teal:2.6,
NQ Studio/raw footage/2026-09-03/2026-09-03 23-55-54 teal brakes and ryft wheels.mov,116,232.0,1080,1920,vertical,10.0,104.9,197.8,1.39,2.3,orange:6.3 teal:2.6,
NQ Studio/raw footage/2026-09-03/2026-09-03 23-55-54 teal brakes and ryft wheels.mov,117,234.0,1080,1920,vertical,10.0,104.9,197.6,0.48,2.3,orange:6.2 teal:2.6,
NQ Studio/raw footage/2026-09-03/2026-09-03 23-55-54 teal brakes and ryft wheels.mov,118,236.0,1080,1920,vertical,10.2,104.8,198.2,2.42,2.1,orange:5.8 teal:2.6,
NQ Studio/raw footage/2026-09-03/2026-09-03 23-55-54 teal brakes and ryft wheels.mov,119,238.0,1080,1920,vertical,10.2,104.9,198.3,1.97,2.0,orange:6.0 teal:2.6,
NQ Studio/raw footage/2026-09-03/2026-09-03 23-55-54 teal brakes and ryft wheels.mov,120,240.0,1080,1920,vertical,10.1,104.0,197.6,2.22,3.1,orange:7.0 teal:2.6,
NQ Studio/raw footage/2026-09-03/2026-09-03 23-55-54 teal brakes and ryft wheels.mov,121,242.0,1080,1920,vertical,10.0,104.1,197.8,1.29,2.9,orange:6.2 teal:2.6,
NQ Studio/raw footage/2026-09-03/2026-09-03 23-55-54 teal brakes and ryft wheels.mov,122,244.0,1080,1920,vertical,10.0,104.2,197.7,0.58,3.0,orange:6.5 teal:2.6,
NQ Studio/raw footage/2026-09-03/2026-09-03 23-55-54 teal brakes and ryft wheels.mov,123,246.0,1080,1920,vertical,10.1,103.6,197.4,1.3,2.5,orange:6.0 teal:2.6,
NQ Studio/raw footage/2026-09-03/2026-09-03 23-55-54 teal brakes and ryft wheels.mov,124,248.0,1080,1920,vertical,10.0,104.0,196.6,1.56,3.2,orange:6.5 teal:2.7,
NQ Studio/raw footage/2026-09-03/2026-09-03 23-55-54 teal brakes and ryft wheels.mov,125,250.0,1080,1920,vertical,9.9,103.6,196.4,0.69,3.1,orange:6.5 teal:2.7,
NQ Studio/raw footage/2026-09-03/2026-09-03 23-55-54 teal brakes and ryft wheels.mov,126,252.0,1080,1920,vertical,10.0,104.5,197.4,0.84,2.8,orange:6.4 teal:2.7,
NQ Studio/raw footage/2026-09-03/2026-09-03 23-55-54 teal brakes and ryft wheels.mov,127,254.0,1080,1920,vertical,10.0,104.4,197.6,2.91,3.2,orange:6.1 teal:2.7,
NQ Studio/raw footage/2026-09-03/2026-09-03 23-55-54 teal brakes and ryft wheels.mov,128,256.0,1080,1920,vertical,10.0,104.8,197.3,2.89,3.5,orange:6.7 teal:2.6,
NQ Studio/raw footage/2026-09-03/2026-09-03 23-55-54 teal brakes and ryft wheels.mov,129,258.0,1080,1920,vertical,10.1,104.4,197.7,1.82,3.1,orange:6.5 teal:2.7,
NQ Studio/raw footage/2026-09-03/2026-09-03 23-55-54 teal brakes and ryft wheels.mov,130,260.0,1080,1920,vertical,10.1,105.2,198.2,1.79,2.7,orange:6.4 teal:2.7,
NQ Studio/raw footage/2026-09-03/2026-09-03 23-55-54 teal brakes and ryft wheels.mov,131,262.0,1080,1920,vertical,10.0,104.9,198.1,2.19,2.7,orange:5.7 teal:2.7,
NQ Studio/raw footage/2026-09-03/2026-09-03 23-55-54 teal brakes and ryft wheels.mov,132,264.0,1080,1920,vertical,9.8,104.9,198.1,0.94,2.6,orange:5.9 teal:2.6,
NQ Studio/raw footage/2026-09-03/2026-09-03 23-55-54 teal brakes and ryft wheels.mov,133,266.0,1080,1920,vertical,9.9,104.6,197.9,0.82,2.8,orange:6.0 teal:2.6,
NQ Studio/raw footage/2026-09-03/2026-09-03 23-55-54 teal brakes and ryft wheels.mov,134,268.0,1080,1920,vertical,10.0,104.1,197.5,2.84,4.7,orange:8.0 teal:2.6,
NQ Studio/raw footage/2026-09-03/2026-09-03 23-55-54 teal brakes and ryft wheels.mov,135,270.0,1080,1920,vertical,9.8,104.6,198.0,2.0,4.4,orange:8.0 teal:2.7,
NQ Studio/raw footage/2026-09-03/2026-09-03 23-55-54 teal brakes and ryft wheels.mov,136,272.0,1080,1920,vertical,9.8,104.3,199.0,0.71,4.4,orange:7.8 teal:2.7,
NQ Studio/raw footage/2026-09-03/2026-09-03 23-55-54 teal brakes and ryft wheels.mov,137,274.0,1080,1920,vertical,9.7,104.3,199.0,1.04,4.2,orange:7.7 teal:2.7,
NQ Studio/raw footage/2026-09-03/2026-09-03 23-55-54 teal brakes and ryft wheels.mov,138,276.0,1080,1920,vertical,9.7,104.2,199.4,0.68,4.2,orange:7.8 teal:2.7,
NQ Studio/raw footage/2026-09-03/2026-09-03 23-55-54 teal brakes and ryft wheels.mov,139,278.0,1080,1920,vertical,9.8,104.2,199.7,0.73,4.3,orange:7.9 teal:2.7,
NQ Studio/raw footage/2026-09-03/2026-09-03 23-55-54 teal brakes and ryft wheels.mov,140,280.0,1080,1920,vertical,9.7,104.3,199.7,0.55,4.3,orange:7.9 teal:2.7,
"NQ Studio/raw footage/2026-09-14/IMG_2804 (FD new location shop tour, iPhone, from the owner).MOV",1,2.0,1920,1080,landscape,11.5,150.0,220.7,0.0,0.0,blue:43.9 teal:7.2 green:3.0,
"NQ Studio/raw footage/2026-09-14/IMG_2804 (FD new location shop tour, iPhone, from the owner).MOV",2,4.0,1920,1080,landscape,19.3,142.3,222.0,24.62,0.0,blue:66.4 teal:3.6,
"NQ Studio/raw footage/2026-09-14/IMG_2804 (FD new location shop tour, iPhone, from the owner).MOV",3,6.0,1920,1080,landscape,9.1,152.5,224.8,29.16,0.0,blue:77.7 teal:9.0,
"NQ Studio/raw footage/2026-09-14/IMG_2804 (FD new location shop tour, iPhone, from the owner).MOV",4,8.0,1920,1080,landscape,10.9,132.0,191.6,25.48,14.0,yellow:27.6 orange:10.2 blue:6.2,
"NQ Studio/raw footage/2026-09-14/IMG_2804 (FD new location shop tour, iPhone, from the owner).MOV",5,10.0,1920,1080,landscape,11.8,124.4,236.5,20.79,4.4,blue:26.3 orange:8.6 yellow:2.7,
"NQ Studio/raw footage/2026-09-14/IMG_2804 (FD new location shop tour, iPhone, from the owner).MOV",6,12.0,1920,1080,landscape,14.7,117.0,201.5,19.93,13.3,yellow:39.7 orange:10.7 blue:4.5,
"NQ Studio/raw footage/2026-09-14/IMG_2804 (FD new location shop tour, iPhone, from the owner).MOV",7,14.0,1920,1080,landscape,12.0,137.5,216.5,20.47,1.7,yellow:44.3 blue:12.2 orange:2.3,
"NQ Studio/raw footage/2026-09-14/IMG_2804 (FD new location shop tour, iPhone, from the owner).MOV",8,16.0,1920,1080,landscape,10.9,117.2,214.0,19.55,8.7,yellow:34.8 blue:17.2 orange:4.5,
"NQ Studio/raw footage/2026-09-14/IMG_2804 (FD new location shop tour, iPhone, from the owner).MOV",9,18.0,1920,1080,landscape,12.7,118.9,217.6,16.73,37.2,yellow:57.7 orange:24.3 blue:3.4,
"NQ Studio/raw footage/2026-09-14/IMG_2804 (FD new location shop tour, iPhone, from the owner).MOV",10,20.0,1920,1080,landscape,11.4,103.8,214.8,19.24,1.7,blue:11.5 orange:10.9 yellow:9.8,
"NQ Studio/raw footage/2026-09-14/IMG_2804 (FD new location shop tour, iPhone, from the owner).MOV",11,22.0,1920,1080,landscape,15.6,139.2,230.0,24.32,20.5,yellow:32.4 orange:21.6,
"NQ Studio/raw footage/2026-09-14/IMG_2804 (FD new location shop tour, iPhone, from the owner).MOV",12,24.0,1920,1080,landscape,11.3,155.6,240.1,21.44,3.2,yellow:15.8 blue:11.8 orange:3.1,
"NQ Studio/raw footage/2026-09-14/IMG_2804 (FD new location shop tour, iPhone, from the owner).MOV",13,26.0,1920,1080,landscape,4.8,89.3,172.7,33.86,15.3,yellow:28.2 orange:19.8,
"NQ Studio/raw footage/2026-09-14/IMG_2804 (FD new location shop tour, iPhone, from the owner).MOV",14,28.0,1920,1080,landscape,11.9,119.1,188.6,23.16,25.8,yellow:33.4 orange:24.9 blue:4.3,
"NQ Studio/raw footage/2026-09-14/IMG_2804 (FD new location shop tour, iPhone, from the owner).MOV",15,30.0,1920,1080,landscape,14.5,119.9,216.4,17.61,20.3,orange:22.9 yellow:17.2 blue:7.6,
"NQ Studio/raw footage/2026-09-14/IMG_2804 (FD new location shop tour, iPhone, from the owner).MOV",16,32.0,1920,1080,landscape,8.3,150.1,218.6,27.7,20.7,blue:20.5 orange:15.5 yellow:12.4,
"NQ Studio/raw footage/2026-09-14/IMG_2804 (FD new location shop tour, iPhone, from the owner).MOV",17,34.0,1920,1080,landscape,14.5,154.2,220.7,22.79,6.1,yellow:6.0 orange:5.6,
"NQ Studio/raw footage/2026-09-14/IMG_2804 (FD new location shop tour, iPhone, from the owner).MOV",18,36.0,1920,1080,landscape,15.5,124.8,208.2,21.86,4.4,yellow:13.9 orange:7.3,
"NQ Studio/raw footage/2026-09-14/IMG_2804 (FD new location shop tour, iPhone, from the owner).MOV",19,38.0,1920,1080,landscape,14.3,131.9,221.9,18.71,5.7,orange:10.2 yellow:7.2,
"NQ Studio/raw footage/2026-09-14/IMG_2804 (FD new location shop tour, iPhone, from the owner).MOV",20,40.0,1920,1080,landscape,12.5,141.6,208.9,19.76,6.5,orange:21.6 yellow:10.8,
"NQ Studio/raw footage/2026-09-14/IMG_2804 (FD new location shop tour, iPhone, from the owner).MOV",21,42.0,1920,1080,landscape,13.0,128.5,223.3,23.58,29.5,orange:36.6 yellow:25.5,
"NQ Studio/raw footage/2026-09-14/IMG_2804 (FD new location shop tour, iPhone, from the owner).MOV",22,44.0,1920,1080,landscape,14.9,138.7,227.0,24.96,30.0,yellow:30.0 orange:28.5,
"NQ Studio/raw footage/2026-09-14/IMG_2804 (FD new location shop tour, iPhone, from the owner).MOV",23,46.0,1920,1080,landscape,15.7,133.0,230.4,22.46,2.1,blue:37.3 yellow:9.2 orange:3.2 red:2.9,
"NQ Studio/raw footage/2026-09-14/IMG_2804 (FD new location shop tour, iPhone, from the owner).MOV",24,48.0,1920,1080,landscape,15.1,124.1,215.6,19.89,8.5,orange:14.1 yellow:4.2,
"NQ Studio/raw footage/2026-09-14/IMG_2804 (FD new location shop tour, iPhone, from the owner).MOV",25,50.0,1920,1080,landscape,12.2,124.9,210.3,23.72,12.3,orange:29.2 yellow:9.9,
"NQ Studio/raw footage/2026-09-14/IMG_2804 (FD new location shop tour, iPhone, from the owner).MOV",26,52.0,1920,1080,landscape,12.4,152.4,223.0,20.96,8.4,orange:18.5 yellow:11.3,
"NQ Studio/raw footage/2026-09-14/IMG_2804 (FD new location shop tour, iPhone, from the owner).MOV",27,54.0,1920,1080,landscape,14.2,133.2,213.6,20.87,12.5,yellow:31.1 orange:16.2,
"NQ Studio/raw footage/2026-09-14/IMG_2804 (FD new location shop tour, iPhone, from the owner).MOV",28,56.0,1920,1080,landscape,13.7,139.8,217.4,22.85,5.9,orange:17.6 yellow:8.4,
"NQ Studio/raw footage/2026-09-14/IMG_2804 (FD new location shop tour, iPhone, from the owner).MOV",29,58.0,1920,1080,landscape,13.9,126.8,204.3,28.19,18.0,orange:29.5 yellow:8.5,
NQ Studio/raw footage/2026-09-03/2026-09-03 21-00-00 garage walkthrough (test).MOV,1,2.0,1080,1920,vertical,9.9,78.3,158.8,0.0,29.0,orange:41.6 blue:4.0,
NQ Studio/raw footage/2026-09-03/2026-09-03 21-00-00 garage walkthrough (test).MOV,2,4.0,1080,1920,vertical,10.0,89.4,167.7,7.9,23.8,orange:35.7 blue:4.4,
NQ Studio/raw footage/2026-09-03/2026-09-03 21-00-00 garage walkthrough (test).MOV,3,6.0,1080,1920,vertical,9.6,91.4,172.2,7.03,23.3,orange:35.4 blue:5.6,
NQ Studio/raw footage/2026-09-03/2026-09-03 21-00-00 garage walkthrough (test).MOV,4,8.0,1080,1920,vertical,9.4,94.9,174.5,6.32,27.2,orange:37.5 blue:7.7,
NQ Studio/raw footage/2026-09-03/2026-09-03 21-00-00 garage walkthrough (test).MOV,5,10.0,1080,1920,vertical,8.8,105.2,193.9,13.89,17.1,orange:24.9 blue:4.9,
NQ Studio/raw footage/2026-09-03/2026-09-03 21-00-00 garage walkthrough (test).MOV,6,12.0,1080,1920,vertical,9.5,78.6,160.5,16.82,7.3,orange:15.1 blue:2.8,
NQ Studio/raw footage/2026-09-03/2026-09-03 21-00-00 garage walkthrough (test).MOV,7,14.0,1080,1920,vertical,8.0,90.7,170.4,12.07,4.3,orange:8.8,
NQ Studio/raw footage/2026-09-03/2026-09-03 21-00-00 garage walkthrough (test).MOV,8,16.0,1080,1920,vertical,9.2,86.5,179.8,11.82,6.0,orange:9.7 blue:6.7 red:2.4,
NQ Studio/raw footage/2026-09-03/2026-09-03 21-00-00 garage walkthrough (test).MOV,9,18.0,1080,1920,vertical,9.8,89.4,188.4,14.53,5.8,orange:10.5 yellow:2.6,
NQ Studio/raw footage/2026-09-03/2026-09-03 21-00-00 garage walkthrough (test).MOV,10,20.0,1080,1920,vertical,10.6,95.8,191.8,13.49,4.5,orange:6.7,
NQ Studio/raw footage/2026-09-03/2026-09-03 21-00-00 garage walkthrough (test).MOV,11,22.0,1080,1920,vertical,11.0,93.9,190.3,12.97,5.0,orange:8.1,
NQ Studio/raw footage/2026-09-03/2026-09-03 21-00-00 garage walkthrough (test).MOV,12,24.0,1080,1920,vertical,5.0,66.7,130.0,17.51,7.3,orange:13.0,
NQ Studio/raw footage/2026-09-03/2026-09-03 21-00-00 garage walkthrough (test).MOV,13,26.0,1080,1920,vertical,8.4,89.0,179.1,14.55,19.7,orange:24.2,
NQ Studio/raw footage/2026-09-03/2026-09-03 21-00-00 garage walkthrough (test).MOV,14,28.0,1080,1920,vertical,7.9,80.1,161.3,12.82,16.4,orange:21.3 blue:7.0,
NQ Studio/raw footage/2026-09-03/2026-09-03 21-00-00 garage walkthrough (test).MOV,15,30.0,1080,1920,vertical,7.6,78.4,172.5,12.02,10.1,orange:13.9 blue:13.4,
NQ Studio/raw footage/2026-09-03/2026-09-03 21-00-00 garage walkthrough (test).MOV,16,32.0,1080,1920,vertical,8.6,103.2,194.2,21.33,17.5,orange:22.9,
NQ Studio/raw footage/2026-09-03/2026-09-03 21-00-00 garage walkthrough (test).MOV,17,34.0,1080,1920,vertical,8.1,89.4,198.0,17.28,6.7,orange:14.7,
NQ Studio/raw footage/2026-09-03/2026-09-03 21-00-00 garage walkthrough (test).MOV,18,36.0,1080,1920,vertical,8.3,94.1,177.4,13.3,15.8,orange:19.8,
NQ Studio/raw footage/2026-09-03/2026-09-03 21-00-00 garage walkthrough (test).MOV,19,38.0,1080,1920,vertical,7.8,100.7,191.7,18.28,15.3,orange:17.5 blue:5.3,
NQ Studio/raw footage/2026-09-03/2026-09-03 21-00-00 garage walkthrough (test).MOV,20,40.0,1080,1920,vertical,7.4,63.1,170.3,25.98,15.7,orange:31.0,
NQ Studio/raw footage/2026-09-03/2026-09-03 21-00-00 garage walkthrough (test).MOV,21,42.0,1080,1920,vertical,7.7,59.0,137.5,14.43,7.7,orange:21.4,
NQ Studio/raw footage/2026-09-03/2026-09-03 21-00-00 garage walkthrough (test).MOV,22,44.0,1080,1920,vertical,10.6,109.5,235.7,24.07,13.6,orange:24.1 blue:6.6,
NQ Studio/raw footage/2026-09-03/2026-09-03 21-00-00 garage walkthrough (test).MOV,23,46.0,1080,1920,vertical,11.3,88.7,195.0,16.71,31.3,orange:48.9,
NQ Studio/raw footage/2026-09-03/2026-09-03 21-00-00 garage walkthrough (test).MOV,24,48.0,1080,1920,vertical,7.8,58.4,157.0,17.9,11.4,orange:19.1 blue:7.2,
NQ Studio/raw footage/2026-09-03/2026-09-03 21-00-00 garage walkthrough (test).MOV,25,50.0,1080,1920,vertical,7.0,65.5,195.3,15.65,5.3,orange:8.7 blue:5.3,
NQ Studio/raw footage/2026-09-03/2026-09-03 21-00-00 garage walkthrough (test).MOV,26,52.0,1080,1920,vertical,9.0,65.6,167.5,18.07,14.6,orange:30.2,
NQ Studio/raw footage/2026-09-03/2026-09-03 21-00-00 garage walkthrough (test).MOV,27,54.0,1080,1920,vertical,6.4,59.0,157.5,13.68,7.7,orange:18.8,
NQ Studio/raw footage/2026-09-03/2026-09-03 21-00-00 garage walkthrough (test).MOV,28,56.0,1080,1920,vertical,7.5,77.4,182.6,17.13,16.6,orange:28.6,
NQ Studio/raw footage/2026-09-03/2026-09-03 21-00-00 garage walkthrough (test).MOV,29,58.0,1080,1920,vertical,6.3,48.6,115.6,15.6,8.5,orange:18.5,
NQ Studio/raw footage/2026-09-03/2026-09-03 21-00-00 garage walkthrough (test).MOV,30,60.0,1080,1920,vertical,12.2,98.2,210.3,23.0,18.5,orange:30.9 blue:2.3,
NQ Studio/raw footage/2026-09-03/2026-09-03 21-00-00 garage walkthrough (test).MOV,31,62.0,1080,1920,vertical,12.3,99.1,204.9,14.87,19.0,orange:32.4 blue:6.8,
NQ Studio/raw footage/2026-09-03/2026-09-03 21-00-00 garage walkthrough (test).MOV,32,64.0,1080,1920,vertical,13.1,91.0,193.8,15.46,22.3,orange:38.1 blue:8.8,
NQ Studio/raw footage/2026-09-03/2026-09-03 21-00-00 garage walkthrough (test).MOV,33,66.0,1080,1920,vertical,10.0,76.4,173.6,14.94,8.7,orange:23.0 blue:12.9,
NQ Studio/raw footage/2026-09-03/2026-09-03 21-00-00 garage walkthrough (test).MOV,34,68.0,1080,1920,vertical,11.3,89.8,209.8,13.14,13.0,orange:23.7 blue:10.6,
NQ Studio/raw footage/2026-09-03/2026-09-03 21-00-00 garage walkthrough (test).MOV,35,70.0,1080,1920,vertical,8.2,74.5,147.8,17.28,10.1,orange:20.6,
NQ Studio/raw footage/2026-09-03/2026-09-03 21-00-00 garage walkthrough (test).MOV,36,72.0,1080,1920,vertical,9.9,94.8,200.8,14.4,8.3,orange:23.1,
NQ Studio/raw footage/2026-09-03/2026-09-03 21-00-00 garage walkthrough (test).MOV,37,74.0,1080,1920,vertical,9.5,100.5,197.4,15.33,14.7,orange:22.0,
NQ Studio/raw footage/2026-09-03/2026-09-03 21-00-00 garage walkthrough (test).MOV,38,76.0,1080,1920,vertical,11.3,84.7,174.2,18.11,23.6,orange:36.0,
NQ Studio/raw footage/2026-09-03/2026-09-03 21-00-00 garage walkthrough (test).MOV,39,78.0,1080,1920,vertical,13.5,96.0,186.9,16.49,35.2,orange:43.3 yellow:4.1 blue:3.9,
NQ Studio/raw footage/2026-09-03/2026-09-03 21-00-00 garage walkthrough (test).MOV,40,80.0,1080,1920,vertical,12.6,104.9,189.2,21.62,35.5,orange:43.1 yellow:8.6 blue:3.6,
NQ Studio/raw footage/2026-09-03/2026-09-03 21-00-00 garage walkthrough (test).MOV,41,82.0,1080,1920,vertical,8.5,102.6,164.1,20.54,7.4,orange:13.8 blue:3.8,
NQ Studio/raw footage/2026-09-03/2026-09-03 21-00-00 garage walkthrough (test).MOV,42,84.0,1080,1920,vertical,9.6,94.1,187.8,14.97,19.9,orange:34.8,
NQ Studio/raw footage/2026-09-03/2026-09-03 21-00-00 garage walkthrough (test).MOV,43,86.0,1080,1920,vertical,9.9,93.0,192.7,14.98,11.6,orange:20.8,
NQ Studio/raw footage/2026-09-03/2026-09-03 21-00-00 garage walkthrough (test).MOV,44,88.0,1080,1920,vertical,9.8,80.6,175.0,14.0,8.8,orange:18.2 blue:3.3,
NQ Studio/raw footage/2026-09-03/2026-09-03 21-00-00 garage walkthrough (test).MOV,45,90.0,1080,1920,vertical,9.4,91.5,196.0,15.19,16.7,orange:26.5,
NQ Studio/raw footage/2026-09-03/2026-09-03 21-00-00 garage walkthrough (test).MOV,46,92.0,1080,1920,vertical,10.2,92.2,189.3,13.26,12.4,orange:14.3 red:2.7,
NQ Studio/raw footage/2026-09-03/2026-09-03 21-00-00 garage walkthrough (test).MOV,47,94.0,1080,1920,vertical,11.4,86.7,194.5,16.08,15.2,orange:24.3 red:4.4 yellow:3.0,
NQ Studio/raw footage/2026-09-03/2026-09-03 21-00-00 garage walkthrough (test).MOV,48,96.0,1080,1920,vertical,11.4,85.1,185.5,14.25,13.3,orange:23.6 red:3.0 blue:2.1,
NQ Studio/raw footage/2026-09-03/2026-09-03 21-00-00 garage walkthrough (test).MOV,49,98.0,1080,1920,vertical,9.5,83.8,189.3,12.31,10.7,orange:15.9 red:3.1 blue:2.4,
NQ Studio/raw footage/2026-09-03/2026-09-03 21-00-00 garage walkthrough (test).MOV,50,100.0,1080,1920,vertical,9.9,91.3,192.6,14.4,23.4,orange:31.0,
NQ Studio/raw footage/2026-09-03/2026-09-03 21-00-00 garage walkthrough (test).MOV,51,102.0,1080,1920,vertical,9.7,102.7,193.7,12.7,27.1,orange:35.8 blue:4.5,
NQ Studio/raw footage/2026-09-03/2026-09-03 21-00-00 garage walkthrough (test).MOV,52,104.0,1080,1920,vertical,7.4,97.8,192.7,16.55,16.4,orange:21.1 blue:10.0,
NQ Studio/raw footage/2026-09-03/2026-09-03 21-00-00 garage walkthrough (test).MOV,53,106.0,1080,1920,vertical,7.8,96.5,177.3,14.61,22.7,orange:28.1 blue:3.7,
NQ Studio/raw footage/2026-09-03/2026-09-03 21-00-00 garage walkthrough (test).MOV,54,108.0,1080,1920,vertical,8.1,102.1,198.1,11.11,19.3,orange:25.4 blue:10.0,
NQ Studio/raw footage/2026-09-03/2026-09-03 21-00-00 garage walkthrough (test).MOV,55,110.0,1080,1920,vertical,8.1,96.0,193.5,7.59,17.5,orange:25.3 blue:9.4,
NQ Studio/raw footage/2026-09-03/2026-09-03 21-00-00 garage walkthrough (test).MOV,56,112.0,1080,1920,vertical,8.2,101.1,196.6,3.76,18.2,orange:25.4 blue:8.6,
NQ Studio/raw footage/2026-09-03/2026-09-03 21-00-00 garage walkthrough (test).MOV,57,114.0,1080,1920,vertical,8.4,99.7,196.5,2.7,17.4,orange:25.0 blue:8.7,
NQ Studio/raw footage/2026-09-03/2026-09-03 21-00-00 garage walkthrough (test).MOV,58,116.0,1080,1920,vertical,6.4,83.3,138.6,13.65,68.9,orange:72.2,
NQ Studio/raw footage/2026-09-03/ (wheels-off clip pulled in an earlier session - exact file unconfirmed),1,2.0,1080,1920,vertical,8.3,22.4,165.5,0.0,1.6,orange:4.8 blue:2.6,
NQ Studio/raw footage/2026-09-03/ (wheels-off clip pulled in an earlier session - exact file unconfirmed),2,4.0,1080,1920,vertical,11.7,52.3,207.9,19.98,12.7,orange:12.1 yellow:10.0 teal:3.9 blue:2.6,
NQ Studio/raw footage/2026-09-03/ (wheels-off clip pulled in an earlier session - exact file unconfirmed),3,6.0,1080,1920,vertical,7.9,14.0,121.6,19.77,1.8,orange:4.3,
NQ Studio/raw footage/2026-09-03/ (wheels-off clip pulled in an earlier session - exact file unconfirmed),4,8.0,1080,1920,vertical,11.7,87.6,232.9,33.6,6.0,orange:10.7 yellow:10.2 blue:2.3,
NQ Studio/raw footage/2026-09-03/ (wheels-off clip pulled in an earlier session - exact file unconfirmed),5,10.0,1080,1920,vertical,12.3,54.7,175.0,23.86,3.2,green:13.2 orange:6.1 blue:2.7,
NQ Studio/raw footage/2026-09-03/ (wheels-off clip pulled in an earlier session - exact file unconfirmed),6,12.0,1080,1920,vertical,9.8,31.7,138.2,22.08,9.5,red:10.5 orange:5.8 yellow:2.7,
NQ Studio/raw footage/2026-09-03/ (wheels-off clip pulled in an earlier session - exact file unconfirmed),7,14.0,1080,1920,vertical,10.3,45.9,203.6,18.86,5.7,orange:10.3 green:4.8 yellow:4.6,
NQ Studio/raw footage/2026-09-03/ (wheels-off clip pulled in an earlier session - exact file unconfirmed),8,16.0,1080,1920,vertical,12.1,71.5,216.1,31.53,14.0,orange:18.3 yellow:10.2 blue:2.9,
NQ Studio/raw footage/2026-09-03/ (wheels-off clip pulled in an earlier session - exact file unconfirmed),9,18.0,1080,1920,vertical,9.5,36.5,180.1,21.29,5.7,orange:10.8 yellow:5.5 green:4.5,
NQ Studio/raw footage/2026-09-03/2026-09-03 23-56-54 wheels off.mov,1,2.0,1080,1920,vertical,8.1,94.3,209.2,0.0,0.6,blue:3.4,
NQ Studio/raw footage/2026-09-03/2026-09-03 23-56-54 wheels off.mov,2,4.0,1080,1920,vertical,7.2,100.4,206.9,22.76,1.4,blue:10.4 orange:3.7 teal:3.1 yellow:2.2,
NQ Studio/raw footage/2026-09-03/2026-09-03 23-56-54 wheels off.mov,3,6.0,1080,1920,vertical,8.9,122.4,222.5,23.3,3.5,orange:9.3,
NQ Studio/raw footage/2026-09-03/2026-09-03 23-56-54 wheels off.mov,4,8.0,1080,1920,vertical,2.4,64.3,182.5,32.64,0.0,blue:27.5,
NQ Studio/raw footage/2026-09-03/2026-09-03 23-56-54 wheels off.mov,5,10.0,1080,1920,vertical,7.3,107.2,210.1,25.79,0.7,orange:2.9,
NQ Studio/raw footage/2026-09-03/2026-09-03 23-56-54 wheels off.mov,6,12.0,1080,1920,vertical,7.1,91.6,207.0,25.93,4.1,blue:11.0 teal:10.2 orange:9.7,
NQ Studio/raw footage/2026-09-03/2026-09-03 23-56-54 wheels off.mov,7,14.0,1080,1920,vertical,9.3,142.5,219.2,30.55,10.9,orange:18.5,
NQ Studio/raw footage/2026-09-03/2026-09-03 23-56-54 wheels off.mov,8,16.0,1080,1920,vertical,8.9,119.7,206.2,24.71,0.8,red:2.9 orange:2.0,
NQ Studio/raw footage/2026-09-03/2026-09-03 23-56-54 wheels off.mov,9,18.0,1080,1920,vertical,6.4,109.5,221.6,32.53,3.1,orange:7.3 green:5.9 yellow:4.7,
NQ Studio/raw footage/2026-09-03/2026-09-03 23-56-54 wheels off.mov,10,20.0,1080,1920,vertical,7.8,126.1,252.0,22.2,6.6,orange:9.6,
NQ Studio/raw footage/2026-09-03/2026-09-03 23-56-54 wheels off.mov,11,22.0,1080,1920,vertical,7.5,109.4,202.6,17.16,8.7,orange:13.3,
NQ Studio/raw footage/2026-09-03/2026-09-03 23-56-54 wheels off.mov,12,24.0,1080,1920,vertical,0.5,18.7,23.8,35.55,0.0,,
